zone_id,center_lat,center_lng,violation_count,risk_score,impact_score,severity,enforcement_priority,wrong_parking_ratio,main_road_parking_ratio,peak_hour_ratio,repeat_offender_ratio,nearest_metro_dist,nearest_mall_dist,poi_count_500m
Z_68_85,13.008558558558558,77.69583333333333,3913,0.99993205,0.6698675172569729,CRITICAL,1,0.7319192435471505,0.292358803986711,0.5474060822898033,0.17429082545361618,5088.001436854651,1224.0040427745298,0
Z_58_59,12.963513513513513,77.57546296296296,9352,0.9999665,0.6667405124294093,CRITICAL,2,0.8511548331907614,0.05421300256629598,0.4258982035928144,0.1647775876817793,1534.0898072422792,2440.4111712991394,2
Z_61_60,12.977027027027026,77.58009259259259,9191,0.99997365,0.6480091410942542,CRITICAL,3,0.44010445000544013,0.00903057338700903,0.27244043085627245,0.24067022086824064,953.4159644021566,1409.7401050265485,0
Z_61_59,12.977027027027026,77.57546296296296,16656,0.9999789,0.6398447746276762,CRITICAL,4,0.5434077809798271,0.015790105667627282,0.1433117195004803,0.2007684918347743,452.5416276467562,1103.6124477896808,3
Z_65_79,12.995045045045044,77.66805555555555,1924,0.99989986,0.6286498829775108,CRITICAL,5,0.7193347193347194,0.6444906444906445,0.15384615384615385,0.1496881496881497,1732.3699370841891,3071.45418466155,0
Z_62_66,12.98153153153153,77.60787037037036,12264,0.9999764,0.6269847619633855,CRITICAL,6,0.6295662100456622,0.01744944553163731,0.06050228310502283,0.2795988258317026,676.063882049375,1268.1049000162973,1
Z_66_81,12.999549549549549,77.6773148148148,2033,0.9998369,0.6269593877306516,CRITICAL,7,0.38612887358583375,0.3266109198229218,0.3571077225774717,0.09640924741760948,2848.7849851918963,2116.265269574407,0
Z_64_62,12.99054054054054,77.58935185185184,1668,0.99992275,0.6138241487650467,CRITICAL,8,0.9016786570743405,0.01079136690647482,0.1013189448441247,0.5665467625899281,1256.627185506899,2088.5457059985984,0
Z_55_47,12.95,77.5199074074074,88,0.9813013,0.6123686163724014,CRITICAL,9,0.2159090909090909,0.7727272727272727,0.36363636363636365,0.30681818181818177,2376.2931426519212,6134.862790458565,0
Z_42_72,12.89144144144144,77.63564814814815,460,0.99372756,0.6103828254070816,CRITICAL,10,0.9978260869565218,0.002173913043478261,0.5434782608695652,0.28260869565217395,7082.211857191775,5436.409604923291,0
Z_62_67,12.98153153153153,77.6125,7006,0.99998045,0.6099111397293517,CRITICAL,11,0.5658007422209534,0.014130745075649443,0.09606051955466743,0.1899800171281758,926.109283420588,1280.2707311228917,0
Z_62_71,12.98153153153153,77.63101851851852,117,0.99995065,0.6084587304510515,CRITICAL,12,0.7606837606837606,0.6495726495726496,0.11965811965811966,0.2649572649572649,1115.5958433748415,2606.92876253064,0
Z_60_60,12.972522522522521,77.58009259259259,5950,0.9999745,0.6082314877956533,CRITICAL,13,0.48487394957983193,0.03815126050420168,0.047563025210084035,0.2517647058823529,1059.9385162748306,1769.9998689986874,0
Z_65_54,12.995045045045044,77.5523148148148,1251,0.99997425,0.6073958759162905,CRITICAL,14,0.8489208633093526,0.03836930455635491,0.2070343725019984,0.3613109512390088,431.5732945398147,559.3400602944192,1
Z_49_69,12.922972972972973,77.62175925925925,104,0.999946,0.6073109527407172,CRITICAL,15,0.125,0.07692307692307693,0.7788461538461539,0.038461538461538436,4273.423613458616,1674.2140616297474,0
Z_61_58,12.977027027027026,77.57083333333333,1685,0.9999734,0.605757994471701,CRITICAL,16,0.4433234421364985,0.15014836795252226,0.256379821958457,0.07062314540059345,62.28333157759086,975.6170593173194,3
Z_55_86,12.95,77.70046296296296,1156,0.9964799,0.6057200144265114,CRITICAL,17,0.6894463667820069,0.5891003460207612,0.1583044982698962,0.1505190311418685,6784.9828498539055,5078.487610099596,0
Z_51_66,12.93198198198198,77.60787037037036,612,0.9999535,0.604666164159761,CRITICAL,18,0.3366013071895425,0.21405228758169934,0.23039215686274508,0.3137254901960784,2738.5362076498423,494.5138121736943,2
Z_62_58,12.98153153153153,77.57083333333333,217,0.99997795,0.6029724379611745,CRITICAL,19,0.815668202764977,0.02304147465437788,0.576036866359447,0.13824884792626724,397.6002132374086,474.8518570256112,2
Z_66_53,12.999549549549549,77.54768518518519,5033,0.99997795,0.6019719773929365,CRITICAL,20,0.6687860123186966,0.026226902443870454,0.05126167295847407,0.26803099543016096,1134.780414090037,1264.2395215627128,0
Z_57_48,12.959009009009009,77.52453703703704,14,0.99424016,0.600502566475822,CRITICAL,21,0.2857142857142857,0.6428571428571429,0.6428571428571429,0.2142857142857143,1643.238877219464,5053.118828995346,0
Z_63_65,12.986036036036035,77.60324074074074,4159,0.9999815,0.5990837048265113,CRITICAL,22,0.6042317864871364,0.049771579706660254,0.12190430391921135,0.1382543880740562,1212.9813803842558,1768.0848074225994,0
Z_59_59,12.968018018018018,77.57546296296296,3671,0.9999807,0.5990568870496957,CRITICAL,23,0.6112775810405884,0.06837374012530646,0.10051757014437483,0.1577226913647507,1065.580293726954,2043.5096555077157,1
Z_58_60,12.963513513513513,77.58009259259259,3065,0.9999676,0.5985474062058217,CRITICAL,24,0.7722675367047308,0.025774877650897227,0.17161500815660685,0.13866231647634586,1748.621707166504,1982.6769662525398,1
Z_59_69,12.968018018018018,77.62175925925925,19,0.9992545,0.5984673075280443,CRITICAL,25,0.15789473684210525,0.05263157894736842,0.7894736842105263,0.3157894736842105,566.4165249274215,1309.8635705010408,0
Z_66_84,12.999549549549549,77.6912037037037,92,0.99660933,0.5966370876458822,CRITICAL,26,0.9456521739130435,0.05434782608695652,0.8478260869565217,0.021739130434782594,4278.881241392577,654.1337157901503,0
Z_62_59,12.98153153153153,77.57546296296296,2272,0.99997973,0.5960748179295648,CRITICAL,27,0.71875,0.03389084507042254,0.18089788732394366,0.13732394366197187,659.6091394605302,701.1499492985555,0
Z_55_51,12.95,77.53842592592592,238,0.99991536,0.5940804143180454,CRITICAL,28,0.3235294117647059,0.3739495798319328,0.4411764705882353,0.025210084033613467,1032.268000659431,5074.466502409357,0
Z_60_52,12.972522522522521,77.54305555555555,2452,0.9988739,0.5938026760701596,CRITICAL,29,0.5783034257748777,0.009787928221859706,0.03303425774877651,0.4188417618270799,1525.3679337157264,2619.3628632602213,0
Z_56_52,12.954504504504504,77.54305555555555,1435,0.99996126,0.5936921348690261,CRITICAL,30,0.6787456445993031,0.10940766550522649,0.286411149825784,0.07804878048780484,636.2581609824159,4426.989138433308,0
Z_55_90,12.95,77.71898148148148,371,0.9941703,0.5928899642168127,CRITICAL,31,0.9029649595687331,0.6765498652291105,0.21024258760107817,0.12938005390835583,8408.494123478347,5619.994275720643,0
Z_73_55,13.03108108108108,77.55694444444444,89,0.9992428,0.5904511232124227,CRITICAL,32,0.12359550561797752,0.9662921348314607,0.1348314606741573,0.1235955056179775,1491.862132288811,2005.5370583298384,0
Z_47_72,12.913963963963964,77.63564814814815,1054,0.9989453,0.5900848918512606,CRITICAL,33,0.5398481973434535,0.0009487666034155598,0.3757115749525617,0.06546489563567359,5963.569248735613,3449.652379467047,1
Z_68_86,13.008558558558558,77.70046296296296,3,0.9640332,0.5900651647051416,CRITICAL,34,0.3333333333333333,0.6666666666666666,1.0,0.0,5549.323714943072,1278.2195221767352,0
Z_69_54,13.013063063063063,77.5523148148148,4810,0.99998164,0.5887706133720143,CRITICAL,35,0.5787941787941788,0.006237006237006237,0.04594594594594595,0.16715176715176716,1129.316600875638,176.47901150191234,1
Z_52_84,12.936486486486485,77.6912037037037,1885,0.99759835,0.5887051320881962,CRITICAL,36,0.5140583554376658,0.3374005305039788,0.05676392572944297,0.24137931034482762,7180.078837430552,5307.5210400650185,0
Z_57_59,12.959009009009009,77.57546296296296,2151,0.9999714,0.5886762434833656,CRITICAL,37,0.8819153881915388,0.03486750348675035,0.15016271501627151,0.1552766155276616,1848.5638015890477,2665.958359505896,0
Z_65_84,12.995045045045044,77.6912037037037,118,0.9999217,0.5867258481174662,CRITICAL,38,0.6694915254237288,0.2288135593220339,0.5254237288135594,0.1694915254237288,4180.192594262544,565.2717396852278,0
Z_73_51,13.03108108108108,77.53842592592592,597,0.9999685,0.5867039722011503,CRITICAL,39,0.7252931323283082,0.23618090452261306,0.31155778894472363,0.07537688442211055,1388.4602921328208,2337.323382018337,0
Z_64_54,12.99054054054054,77.5523148148148,1219,0.99992454,0.586270703273061,CRITICAL,40,0.904019688269073,0.08859721082854799,0.0992616899097621,0.2682526661197703,275.08024649980905,485.4839938869089,2
Z_59_66,12.968018018018018,77.60787037037036,528,0.99996877,0.5844174352046191,CRITICAL,41,0.10037878787878787,0.013257575757575758,0.24431818181818182,0.27462121212121215,856.0546527858768,335.7894477688035,1
Z_66_80,12.999549549549549,77.67268518518519,136,0.9998982,0.5839363396206282,CRITICAL,42,0.45588235294117646,0.16911764705882354,0.5808823529411765,0.09558823529411764,2392.544400611575,2608.5656985206933,0
Z_50_64,12.927477477477478,77.59861111111111,69,0.9992925,0.5837259471771058,CRITICAL,43,0.6231884057971014,0.6666666666666666,0.13043478260869565,0.10144927536231885,1720.8344619968857,1613.9030132534226,0
Z_65_62,12.995045045045044,77.58935185185184,1358,0.9989312,0.5833013298637195,CRITICAL,44,0.5670103092783505,0.0022091310751104565,0.09720176730486009,0.33652430044182624,1752.4088804205228,2267.350358833454,0
Z_66_78,12.999549549549549,77.66342592592592,2,0.9961481,0.5825186401579756,CRITICAL,45,1.0,0.5,1.0,0.0,1565.668536616618,3600.8771972035347,0
Z_60_53,12.972522522522521,77.54768518518519,2692,0.99883467,0.5824960477428922,CRITICAL,46,0.524517087667162,0.019316493313521546,0.031203566121842496,0.2670876671619614,1715.5860740727028,2377.2247694459616,0
Z_88_64,13.098648648648648,77.59861111111111,765,0.9973225,0.5811918854070002,CRITICAL,47,0.5816993464052288,0.02091503267973856,0.5581699346405229,0.11111111111111116,10211.424081670852,10732.77290309327,0
Z_65_78,12.995045045045044,77.66342592592592,826,0.9959816,0.5806617974716856,CRITICAL,48,0.4430992736077482,0.0012106537530266344,0.3668280871670702,0.12832929782082325,1271.3047257940182,3573.0025046835917,0
Z_60_74,12.972522522522521,77.6449074074074,525,0.9999573,0.5805961510975157,CRITICAL,49,0.40190476190476193,0.3352380952380952,0.18476190476190477,0.10666666666666669,790.6967110816648,1579.5258994765259,0
Z_46_53,12.909459459459459,77.54768518518519,62,0.9992937,0.5804719181553905,CRITICAL,50,0.8548387096774194,0.7580645161290323,0.3225806451612903,0.016129032258064502,2630.0310363246667,4131.0534384508455,0
Z_59_73,12.968018018018018,77.64027777777777,1001,0.99996746,0.5781064952312327,CRITICAL,51,0.3066933066933067,0.0939060939060939,0.15084915084915085,0.20379620379620378,1155.8097347175865,1327.0705431996448,0
Z_74_62,13.035585585585585,77.58935185185184,3275,0.995001,0.5775395725435009,CRITICAL,52,0.2180152671755725,0.0006106870229007634,0.07236641221374046,0.2509923664122138,4837.378096084795,4798.280304327424,0
Z_57_55,12.959009009009009,77.55694444444444,108,0.99996984,0.5774922504710067,CRITICAL,53,0.3888888888888889,0.4722222222222222,0.3425925925925926,0.04629629629629628,1868.7775446778894,3331.0955671393667,0
Z_66_54,12.999549549549549,77.5523148148148,3051,0.9999778,0.5772541925637242,CRITICAL,54,0.8112094395280236,0.008521796132415601,0.043264503441494594,0.14487053425106522,893.6439518666731,944.3439705774686,0
Z_64_76,12.99054054054054,77.65416666666667,105,0.98641634,0.576966855742524,CRITICAL,55,0.8,0.9714285714285714,0.0,0.21904761904761905,150.86236018633306,3618.0055798721933,1
Z_68_54,13.008558558558558,77.5523148148148,2177,0.9987124,0.5765468345718282,CRITICAL,56,0.5999081304547542,0.00045934772622875517,0.14515388148828665,0.08406063389986218,1580.964877139393,621.6024595552107,0
Z_50_66,12.927477477477478,77.60787037037036,167,0.9996879,0.5764411243734341,CRITICAL,57,0.9221556886227545,0.7784431137724551,0.0718562874251497,0.04790419161676651,2721.6337082794166,874.5109139995126,0
Z_61_62,12.977027027027026,77.58935185185184,520,0.9999653,0.5758962288633053,CRITICAL,58,0.05576923076923077,0.11730769230769231,0.24423076923076922,0.10576923076923073,337.909317403892,973.3526208320884,2
Z_60_66,12.972522522522521,77.60787037037036,904,0.9999677,0.5754902740887667,CRITICAL,59,0.3274336283185841,0.084070796460177,0.17588495575221239,0.10066371681415931,373.02752199513725,330.82030923605356,2
Z_62_64,12.98153153153153,77.59861111111111,2194,0.9215014,0.5753367668515459,CRITICAL,60,0.6039197812215132,0.0027347310847766638,0.017775752051048314,0.46718322698268,826.8814502988677,1130.02611162924,1
Z_77_59,13.049099099099099,77.57546296296296,1003,0.997879,0.5750332732007848,CRITICAL,61,0.7477567298105683,0.0009970089730807576,0.2193419740777667,0.2741774675972084,4326.848122698924,4717.543546202158,0
Z_82_62,13.07162162162162,77.58935185185184,5404,0.99756855,0.5742486315188866,CRITICAL,62,0.7165062916358254,0.003700962250185048,0.04404145077720207,0.2685048112509253,7192.9157414356505,7636.2690165892045,0
Z_46_59,12.909459459459459,77.57546296296296,155,0.9998485,0.5737127313755804,CRITICAL,63,0.9483870967741935,0.0064516129032258064,0.4064516129032258,0.20645161290322578,1163.0405470433507,1120.382530359071,0
Z_52_66,12.936486486486485,77.60787037037036,219,0.99996066,0.5733408717104571,CRITICAL,64,0.5251141552511416,0.4977168949771689,0.1461187214611872,0.1004566210045662,2844.9303482844516,475.47462527473203,2
Z_62_65,12.98153153153153,77.60324074074074,1485,0.99998057,0.5733326928745272,CRITICAL,65,0.7272727272727273,0.027609427609427608,0.11582491582491583,0.12525252525252528,748.1529342549564,1330.0299935265355,1
Z_70_54,13.017567567567568,77.5523148148148,87,0.9996811,0.5730868003698429,CRITICAL,66,0.6781609195402298,0.20689655172413793,0.5057471264367817,0.03448275862068961,743.6529188711097,421.4946061648379,1
Z_45_70,12.904954954954954,77.62638888888888,224,0.9999567,0.5725937417727848,CRITICAL,67,0.21428571428571427,0.5758928571428571,0.11160714285714286,0.1160714285714286,5422.865185417253,3640.658549334261,0
Z_68_53,13.008558558558558,77.54768518518519,1305,0.9999802,0.5724429618922267,CRITICAL,68,0.7770114942528735,0.011494252873563218,0.04597701149425287,0.2896551724137931,1474.2511658599376,703.612714325947,0
Z_62_85,12.98153153153153,77.69583333333333,199,0.99979407,0.5719540374689728,CRITICAL,69,0.48743718592964824,0.5276381909547738,0.06030150753768844,0.11055276381909551,4731.239096892191,1554.4358803133198,0
Z_58_61,12.963513513513513,77.58472222222223,3120,0.9978745,0.5710582129834324,CRITICAL,70,0.5490384615384616,0.026282051282051282,0.029487179487179487,0.07852564102564108,1675.3261762755467,1552.3338071391265,0
Z_69_85,13.013063063063063,77.69583333333333,21,0.9904089,0.5708634677257874,CRITICAL,71,0.9047619047619048,0.42857142857142855,0.7142857142857143,0.0,5312.980887863339,1723.2934905084621,0
Z_54_50,12.945495495495495,77.53379629629629,51,0.99801993,0.5704910131617132,CRITICAL,72,0.09803921568627451,0.8431372549019608,0.23529411764705882,0.05882352941176472,1652.7177844124167,5736.491379517504,0
Z_62_73,12.98153153153153,77.64027777777777,89,0.99964845,0.5703632734852675,CRITICAL,73,0.6853932584269663,0.6292134831460674,0.2696629213483146,0.011235955056179803,352.7780152841622,2676.978542034842,1
Z_71_87,13.02207207207207,77.70509259259259,2,0.98200846,0.569631116128168,CRITICAL,74,1.0,0.5,1.0,0.0,6688.061311396514,2862.2693633863887,0
Z_64_53,12.99054054054054,77.54768518518519,52,0.9994881,0.5693800433648283,CRITICAL,75,0.8653846153846154,0.038461538461538464,0.6346153846153846,0.05769230769230771,751.5410602032139,970.6886097564627,0
Z_51_83,12.93198198198198,77.68657407407407,1956,0.99876034,0.5692940973775835,CRITICAL,76,0.48619631901840493,0.22188139059304704,0.04959100204498978,0.10531697341513291,7158.56029492907,5139.681351478377,1
Z_60_69,12.972522522522521,77.62175925925925,808,0.99997544,0.5690035825084979,CRITICAL,77,0.06683168316831684,0.03341584158415842,0.06930693069306931,0.28960396039603964,224.00604509599205,1308.5874335245273,1
Z_60_54,12.972522522522521,77.5523148148148,2565,0.99996924,0.5685655140372865,HIGH,78,0.10955165692007797,0.0042884990253411305,0.04912280701754386,0.11461988304093562,2015.703775102684,2223.6467118816336,0
Z_68_55,13.008558558558558,77.55694444444444,1665,0.99842864,0.5684328565229042,HIGH,79,0.6906906906906907,0.0,0.05645645645645646,0.1945945945945946,1824.4509898121,883.6641018809607,0
Z_49_68,12.922972972972973,77.61712962962963,318,0.9999484,0.568244540980817,HIGH,80,0.06289308176100629,0.015723270440251572,0.29559748427672955,0.17610062893081757,3778.4722842476135,1400.270645638161,0
Z_60_77,12.972522522522521,77.65879629629629,1239,0.99988294,0.5680681138313194,HIGH,81,0.0258272800645682,0.020177562550443905,0.10653753026634383,0.24455205811138014,2021.219783038819,1953.578564990189,0
Z_66_58,12.999549549549549,77.57083333333333,2611,0.99778277,0.5679472016267761,HIGH,82,0.6453466104940636,0.012638835695135964,0.028341631558789736,0.10532363079279972,1606.9154872311744,1528.948404363111,1
Z_65_85,12.995045045045044,77.69583333333333,1250,0.9998871,0.566962557840048,HIGH,83,0.3744,0.2824,0.0584,0.07440000000000002,4677.422584696499,79.55354412252713,2
Z_67_83,13.004054054054054,77.68657407407407,1130,0.9999502,0.5668796162126971,HIGH,84,0.7513274336283186,0.09646017699115045,0.23097345132743363,0.05486725663716818,3967.933566747778,1329.1555012523863,0
Z_51_71,12.93198198198198,77.63101851851852,693,0.999954,0.5665754851941127,HIGH,85,0.0707070707070707,0.044733044733044736,0.18037518037518038,0.1558441558441559,4690.831212792835,2110.821194107015,0
Z_45_71,12.904954954954954,77.63101851851852,994,0.9999002,0.5664341056310874,HIGH,86,0.9124748490945674,0.026156941649899398,0.1529175050301811,0.16297786720321927,5865.161705448252,3886.3529259873762,0
Z_60_68,12.972522522522521,77.61712962962963,1203,0.9999716,0.5657885086049094,HIGH,87,0.3640897755610973,0.020781379883624274,0.07564422277639235,0.15461346633416462,279.2157805829794,821.4413993263172,1
Z_58_55,12.963513513513513,77.55694444444444,463,0.9999697,0.5657730444924681,HIGH,88,0.3714902807775378,0.24406047516198703,0.09719222462203024,0.17710583153347736,1929.2150286002143,2891.847600717223,0
Z_54_62,12.945495495495495,77.58935185185184,196,0.9999578,0.5656576198942735,HIGH,89,0.061224489795918366,0.025510204081632654,0.3469387755102041,0.1785714285714286,1466.2326474374045,2718.0407143350353,0
Z_52_68,12.936486486486485,77.61712962962963,1023,0.9999621,0.5656020261627837,HIGH,90,0.1573802541544477,0.05767350928641251,0.13978494623655913,0.08504398826979476,3814.8885411285896,632.5125876207517,0
Z_56_86,12.954504504504504,77.70046296296296,184,0.9973309,0.5655087779328897,HIGH,91,0.7391304347826086,0.483695652173913,0.30434782608695654,0.010869565217391353,6469.394298814273,4579.700625230548,0
Z_31_74,12.84189189189189,77.6449074074074,1605,0.99884415,0.5653589921083712,HIGH,92,0.5806853582554518,0.006853582554517134,0.23738317757009345,0.18566978193146422,10396.372532544616,9877.626544519977,0
Z_48_69,12.918468468468468,77.62175925925925,139,0.99995756,0.5653342207610572,HIGH,93,0.3381294964028777,0.19424460431654678,0.37410071942446044,0.05755395683453235,4378.76266880245,2080.0845564698157,1
Z_65_67,12.995045045045044,77.6125,1291,0.99788266,0.5648924487836938,HIGH,94,0.3129357087529047,0.001549186676994578,0.13090627420604184,0.13632842757552288,2257.810479722798,2765.9077501082497,0
Z_68_49,13.008558558558558,77.52916666666667,157,0.99996495,0.5644475931444554,HIGH,95,0.07643312101910828,0.5732484076433121,0.06369426751592357,0.21656050955414008,2429.1280362586986,2441.584403073243,0
Z_58_51,12.963513513513513,77.53842592592592,2151,0.99994695,0.5637989121636764,HIGH,96,0.8828451882845189,0.020455602045560205,0.049279404927940494,0.12366341236634126,499.11537994022905,3733.541165673634,1
Z_55_48,12.95,77.52453703703704,63,0.99688125,0.5635960810163089,HIGH,97,0.4126984126984127,0.5873015873015873,0.23809523809523808,0.19047619047619047,1935.560899105326,5823.227916236568,0
Z_60_75,12.972522522522521,77.64953703703704,296,0.99995995,0.5635272320316873,HIGH,98,0.5236486486486487,0.40878378378378377,0.11824324324324324,0.10810810810810811,1150.3815536482512,1559.5144588476144,0
Z_70_55,13.017567567567568,77.55694444444444,487,0.9999732,0.5634078146575797,HIGH,99,0.41478439425051333,0.2464065708418891,0.11293634496919917,0.11088295687885008,1175.6534345148125,756.3834976603199,0
Z_59_60,12.968018018018018,77.58009259259259,1120,0.9999201,0.5633774176492847,HIGH,100,0.9142857142857143,0.008928571428571428,0.10535714285714286,0.1160714285714286,1356.353548851369,1811.37376924207,1
Z_58_67,12.963513513513513,77.6125,19,0.9991918,0.563084862043657,HIGH,101,0.8421052631578947,0.7894736842105263,0.3157894736842105,0.0,1285.3523225461486,805.4998575663055,0
Z_65_56,12.995045045045044,77.56157407407407,569,0.99906605,0.563011257100972,HIGH,102,0.47627416520210897,0.005272407732864675,0.029876977152899824,0.38137082601054484,847.1496130810363,639.9067379703461,0
Z_60_59,12.972522522522521,77.57546296296296,1558,0.9999778,0.5617316500178956,HIGH,103,0.7541720154043645,0.008985879332477536,0.05006418485237484,0.09499358151476256,647.4942664370992,1563.9908104484578,0
Z_68_83,13.008558558558558,77.68657407407407,169,0.9999074,0.5617297392185765,HIGH,104,0.8579881656804734,0.03550295857988166,0.5207100591715976,0.053254437869822535,4193.1965475201,1654.2154591073536,0
Z_46_54,12.909459459459459,77.5523148148148,87,0.9993944,0.5616020377564835,HIGH,105,0.8735632183908046,0.7126436781609196,0.14942528735632185,0.03448275862068961,2175.0180865589186,3629.274192874482,0
Z_41_73,12.886936936936936,77.64027777777777,416,0.9884558,0.5613650015530391,HIGH,106,0.9951923076923077,0.0,0.3173076923076923,0.19711538461538458,7752.567587262031,6119.4207929057875,0
Z_39_64,12.877927927927928,77.59861111111111,230,0.99994826,0.5608693194458049,HIGH,107,0.6695652173913044,0.004347826086956522,0.18695652173913044,0.4434782608695652,3974.234456275947,3775.306131911103,1
Z_50_60,12.927477477477478,77.58009259259259,958,0.9990017,0.5603632557369607,HIGH,108,0.06784968684759916,0.006263048016701462,0.030271398747390398,0.232776617954071,333.3385701033299,2092.5221471912314,2
Z_80_62,13.062612612612613,77.58935185185184,509,0.9987153,0.5601405871565164,HIGH,109,0.8369351669941061,0.011787819253438114,0.3477406679764244,0.0982318271119843,6453.141796995908,6817.608190549052,0
Z_57_56,12.959009009009009,77.56157407407407,134,0.99996793,0.5600328292855071,HIGH,110,0.4552238805970149,0.3208955223880597,0.291044776119403,0.03731343283582089,2231.6722470258665,3138.8556094055607,0
Z_57_86,12.959009009009009,77.70046296296296,1475,0.9998914,0.5598742302711103,HIGH,111,0.2542372881355932,0.12677966101694915,0.09423728813559322,0.1213559322033898,6178.340427906952,4081.42583720125,0
Z_68_48,13.008558558558558,77.52453703703704,236,0.99996984,0.5596465835057799,HIGH,112,0.15677966101694915,0.461864406779661,0.1059322033898305,0.1313559322033898,2589.249524161613,2930.1510087059314,0
Z_59_75,12.968018018018018,77.64953703703704,271,0.99995327,0.5585318873258337,HIGH,113,0.44649446494464945,0.3726937269372694,0.12915129151291513,0.09225092250922506,1492.9722489705343,1064.017058416593,0
Z_54_58,12.945495495495495,77.57083333333333,1539,0.99998045,0.5584766138073319,HIGH,114,0.5094217024041585,0.04548408057179987,0.06627680311890838,0.07342430149447698,675.80639593781,4012.6268525075516,0
Z_57_47,12.959009009009009,77.5199074074074,348,0.9997147,0.5578060028535358,HIGH,115,0.47413793103448276,0.27298850574712646,0.22701149425287356,0.04022988505747127,2144.886563619268,5409.291365767385,0
Z_48_63,12.918468468468468,77.59398148148148,121,0.9999505,0.5572300502622647,HIGH,116,0.9421487603305785,0.3305785123966942,0.14049586776859505,0.1322314049586777,1677.490791141682,1334.4632280814917,0
Z_63_54,12.986036036036035,77.5523148148148,1054,0.99894136,0.5562467265322629,HIGH,117,0.4810246679316888,0.006641366223908918,0.028462998102466792,0.19354838709677424,683.2572085761136,812.5796887546954,0
Z_53_58,12.94099099099099,77.57083333333333,771,0.9999758,0.5558973566782583,HIGH,118,0.808041504539559,0.020752269779507133,0.11673151750972763,0.1426718547341116,602.321646935058,3859.082798546851,0
Z_61_85,12.977027027027026,77.69583333333333,367,0.99984145,0.5556761967191137,HIGH,119,0.45776566757493187,0.3651226158038147,0.0681198910081744,0.1171662125340599,4853.547047486968,2055.018303612429,0
Z_61_56,12.977027027027026,77.56157407407407,963,0.99998057,0.5550184683287922,HIGH,120,0.731048805815161,0.056074766355140186,0.05711318795430945,0.10072689511941846,1054.4808608767391,1389.0247984099694,0
Z_57_54,12.959009009009009,77.5523148148148,111,0.999966,0.55474687438478,HIGH,121,0.27927927927927926,0.35135135135135137,0.25225225225225223,0.06306306306306309,1367.142041929328,3583.7539286651468,0
Z_50_61,12.927477477477478,77.58472222222223,834,0.9982432,0.554678091596808,HIGH,122,0.2446043165467626,0.10071942446043165,0.03597122302158273,0.07553956834532372,261.56957687084224,2002.4142285554556,2
Z_68_84,13.008558558558558,77.6912037037037,275,0.9999063,0.5541709283663411,HIGH,123,0.5381818181818182,0.09090909090909091,0.36363636363636365,0.05818181818181822,4635.054097339176,1365.9113354070532,0
Z_93_71,13.12117117117117,77.63101851851852,302,0.9931271,0.5537074365212327,HIGH,124,0.17880794701986755,0.38079470198675497,0.4370860927152318,0.04635761589403975,14314.659903855456,14735.44375420759,0
Z_50_68,12.927477477477478,77.61712962962963,212,0.9999536,0.5536722892970949,HIGH,125,0.10377358490566038,0.018867924528301886,0.21226415094339623,0.23584905660377353,3723.878240244624,968.9023043889655,1
Z_61_53,12.977027027027026,77.54768518518519,558,0.9999758,0.5535104400411418,HIGH,126,0.4050179211469534,0.010752688172043012,0.06989247311827956,0.26881720430107525,1801.0073007975711,1929.0725353174732,0
Z_69_49,13.013063063063063,77.52916666666667,76,0.99968207,0.5533283834637212,HIGH,127,0.6578947368421053,0.4342105263157895,0.23684210526315788,0.13157894736842102,2162.5233537281174,2367.6968426659228,0
Z_77_55,13.049099099099099,77.55694444444444,2,0.9982785,0.5526054769162053,HIGH,128,1.0,1.0,0.5,0.0,3221.011484409234,3955.6124254629854,0
Z_58_73,12.963513513513513,77.64027777777777,260,0.99996185,0.5525523726824361,HIGH,129,0.49230769230769234,0.2153846153846154,0.18076923076923077,0.09230769230769231,1656.268705084293,981.2910887481842,0
Z_67_91,13.004054054054054,77.72361111111111,148,0.96336406,0.552535768394714,HIGH,130,1.0,1.0,0.013513513513513514,0.04729729729729726,7812.914613432356,2981.661152595197,0
Z_46_73,12.909459459459459,77.64027777777777,472,0.997542,0.5523920429369156,HIGH,131,0.1906779661016949,0.0,0.1906779661016949,0.1673728813559322,6593.8588330181265,4157.38109501561,1
Z_50_81,12.927477477477478,77.6773148148148,1207,0.99973065,0.5523690752662943,HIGH,132,0.4971002485501243,0.004142502071251036,0.17315658657829328,0.06710853355426682,6907.920385858081,4712.399885718736,0
Z_61_70,12.977027027027026,77.62638888888888,211,0.9978193,0.5522804448041022,HIGH,133,0.7582938388625592,0.3981042654028436,0.018957345971563982,0.06161137440758291,869.9463172808672,1936.9408413283652,0
Z_46_58,12.909459459459459,77.57083333333333,118,0.9999746,0.5520692502158404,HIGH,134,0.6949152542372882,0.06779661016949153,0.3050847457627119,0.15254237288135597,1010.496767538095,1622.1593118005972,0
Z_77_42,13.049099099099099,77.49675925925925,185,0.9996511,0.5518173115949698,HIGH,135,0.6702702702702703,0.42702702702702705,0.22162162162162163,0.0972972972972973,2076.495874181512,7054.016089795074,0
Z_67_63,13.004054054054054,77.59398148148148,166,0.99997294,0.551805269956603,HIGH,136,0.5,0.060240963855421686,0.28313253012048195,0.18674698795180722,2756.758216493448,3237.721890866576,0
Z_60_51,12.972522522522521,77.53842592592592,847,0.99998283,0.5512617828956782,HIGH,137,0.693034238488784,0.01652892561983471,0.12750885478158205,0.08972845336481705,1487.8161768639434,2928.1730334357094,0
Z_48_64,12.918468468468468,77.59861111111111,142,0.9999664,0.5512087885967945,HIGH,138,0.6197183098591549,0.3873239436619718,0.13380281690140844,0.07042253521126762,2069.251700112968,1709.512992207407,0
Z_47_54,12.913963963963964,77.5523148148148,22,0.9980459,0.5509961933624649,HIGH,139,0.9545454545454546,0.8636363636363636,0.18181818181818182,0.045454545454545414,2447.580541076657,3663.025633483295,0
Z_70_50,13.017567567567568,77.53379629629629,384,0.99996126,0.5509766685818862,HIGH,140,0.5,0.3359375,0.09375,0.0390625,1505.8724193417775,1905.5656125203295,0
Z_66_52,12.999549549549549,77.54305555555555,812,0.99997723,0.5504213119723891,HIGH,141,0.8312807881773399,0.017241379310344827,0.04926108374384237,0.18472906403940892,1509.9903375175725,1675.718994506127,0
Z_60_64,12.972522522522521,77.59861111111111,982,0.9982097,0.5501310715678575,HIGH,142,0.10285132382892057,0.025458248472505093,0.03054989816700611,0.1089613034623218,747.9212411286925,260.6259551589095,1
Z_42_73,12.89144144144144,77.64027777777777,428,0.99971336,0.5500966301168688,HIGH,143,0.9415887850467289,0.018691588785046728,0.25,0.11214953271028039,7493.8491484858605,5693.074476040002,0
Z_60_63,12.972522522522521,77.59398148148148,233,0.99996424,0.549230418361658,HIGH,144,0.1759656652360515,0.1072961373390558,0.22317596566523606,0.05150214592274682,436.0766996426742,281.425114912454,2
Z_57_60,12.959009009009009,77.58009259259259,460,0.9998977,0.5491699817555272,HIGH,145,0.9695652173913043,0.04565217391304348,0.15869565217391304,0.07608695652173914,1894.3987342381147,2254.484109078142,0
Z_72_52,13.026576576576575,77.54305555555555,415,0.99996936,0.5490693174093741,HIGH,146,0.1614457831325301,0.0746987951807229,0.09156626506024096,0.22650602409638554,681.6904741045954,1642.0780405134897,0
Z_52_65,12.936486486486485,77.60324074074074,269,0.9952089,0.5489533046650505,HIGH,147,0.6654275092936803,0.4312267657992565,0.02973977695167286,0.06319702602230481,2370.435316615633,945.6581304469616,1
Z_71_54,13.02207207207207,77.5523148148148,49,0.9994842,0.5483527519043472,HIGH,148,0.6530612244897959,0.2857142857142857,0.40816326530612246,0.0,576.5769497170456,908.8059211409285,0
Z_52_61,12.936486486486485,77.58472222222223,451,0.9999447,0.5482197977742189,HIGH,149,0.4057649667405765,0.004434589800443459,0.2017738359201774,0.053215077605321515,868.920150775828,2932.856979864124,0
Z_63_59,12.986036036036035,77.57546296296296,536,0.99997485,0.5481797224089703,HIGH,150,0.3414179104477612,0.009328358208955223,0.1287313432835821,0.08395522388059706,537.0899386621443,516.7394939641546,0
Z_53_68,12.94099099099099,77.61712962962963,9,0.9989071,0.5471181077706676,HIGH,151,0.8888888888888888,0.2222222222222222,0.6666666666666666,0.0,3536.8655843840947,939.8717344045997,0
Z_77_63,13.049099099099099,77.59398148148148,474,0.9990891,0.5463620205480436,HIGH,152,0.45358649789029537,0.02531645569620253,0.23417721518987342,0.14556962025316456,5925.977139966777,6075.583000910071,0
Z_70_49,13.017567567567568,77.52916666666667,187,0.9999703,0.5460667821159577,HIGH,153,0.5187165775401069,0.1711229946524064,0.0427807486631016,0.39037433155080214,1857.7298975504575,2398.4161221498102,0
Z_47_70,12.913963963963964,77.62638888888888,262,0.9999627,0.5460277601909799,HIGH,154,0.767175572519084,0.011450381679389313,0.2786259541984733,0.04961832061068705,5007.563367157048,2774.5341771204635,0
Z_52_67,12.936486486486485,77.6125,298,0.9999646,0.545710234160994,HIGH,155,0.36577181208053694,0.12080536912751678,0.1610738255033557,0.07046979865771807,3327.4262852704437,247.67669221653867,1
Z_58_93,12.963513513513513,77.73287037037036,119,0.992234,0.5456326097231244,HIGH,156,0.2184873949579832,0.5630252100840336,0.16806722689075632,0.03361344537815125,9134.636685742675,5316.612112781374,0
Z_62_70,12.98153153153153,77.62638888888888,47,0.99920964,0.5445114419466179,HIGH,157,0.48936170212765956,0.425531914893617,0.14893617021276595,0.1063829787234043,1220.5180390203825,2179.882030507685,0
Z_59_57,12.968018018018018,77.5662037037037,98,0.9999658,0.5444955085381282,HIGH,158,0.40816326530612246,0.17346938775510204,0.20408163265306123,0.173469387755102,1112.1730892370917,2036.4041900374577,0
Z_59_63,12.968018018018018,77.59398148148148,132,0.99997044,0.5443984609528884,HIGH,159,0.38636363636363635,0.06060606060606061,0.3181818181818182,0.030303030303030276,928.3404066797094,476.78107515362706,1
Z_67_54,13.004054054054054,77.5523148148148,898,0.9980191,0.5441019847010136,HIGH,160,0.799554565701559,0.004454342984409799,0.0378619153674833,0.11024498886414258,1383.0043942295342,1115.074899591609,0
Z_63_51,12.986036036036035,77.53842592592592,531,0.9999486,0.5438432182074067,HIGH,161,0.8870056497175142,0.07156308851224105,0.07721280602636535,0.1374764595103578,1855.8111750687688,2071.1545079769544,0
Z_64_64,12.99054054054054,77.59861111111111,792,0.9990132,0.543743698152391,HIGH,162,0.7007575757575758,0.010101010101010102,0.036616161616161616,0.13257575757575757,1470.4043272463616,2119.67513732945,0
Z_53_61,12.94099099099099,77.58472222222223,490,0.9999703,0.5434333674530485,HIGH,163,0.6653061224489796,0.00816326530612245,0.16122448979591836,0.04693877551020409,936.7517736411346,3014.0983143995554,0
Z_56_61,12.954504504504504,77.58472222222223,574,0.999966,0.5431588378479822,HIGH,164,0.2874564459930314,0.010452961672473868,0.10627177700348432,0.0766550522648084,1632.335028194021,2283.598936566081,0
Z_62_55,12.98153153153153,77.55694444444444,620,0.99997616,0.5429366250160268,HIGH,165,0.2564516129032258,0.09838709677419355,0.06290322580645161,0.041935483870967794,1172.1179225491303,1176.1463321124463,0
Z_63_53,12.986036036036035,77.54768518518519,381,0.9999832,0.5428040880870545,HIGH,166,0.7060367454068242,0.10236220472440945,0.06299212598425197,0.1548556430446194,977.7495113965183,1169.1194262512054,0
Z_66_67,12.999549549549549,77.6125,719,0.999908,0.5427265169294194,HIGH,167,0.24895688456189152,0.0027816411682892906,0.09596662030598054,0.1084840055632823,2741.2709984662706,3264.5793709911754,0
Z_56_53,12.954504504504504,77.54768518518519,108,0.99995923,0.5427128290095394,HIGH,168,0.1388888888888889,0.3333333333333333,0.19444444444444445,0.07407407407407407,1010.6222423642081,4281.231515397949,0
Z_37_76,12.868918918918919,77.65416666666667,447,0.9998704,0.5426141492546803,HIGH,169,0.814317673378076,0.05145413870246085,0.09395973154362416,0.3422818791946308,9761.655575461293,8614.043072041022,0
Z_74_55,13.035585585585585,77.55694444444444,214,0.9999684,0.5424000124048819,HIGH,170,0.5654205607476636,0.411214953271028,0.07476635514018691,0.05607476635514019,1873.5879382659948,2485.0986157864054,0
Z_60_88,12.972522522522521,77.70972222222223,434,0.99992645,0.5423540687785733,HIGH,171,0.6175115207373272,0.22119815668202766,0.1336405529953917,0.07373271889400923,6439.304408104704,2934.5490882368667,0
Z_61_73,12.977027027027026,77.64027777777777,476,0.998114,0.542288769761121,HIGH,172,0.38445378151260506,0.18067226890756302,0.012605042016806723,0.14495798319327735,162.81675337993357,2205.166021744642,1
Z_69_55,13.013063063063063,77.55694444444444,476,0.99997747,0.5421604978463477,HIGH,173,0.5084033613445378,0.14495798319327732,0.07773109243697479,0.04201680672268904,1450.6937614917244,652.3881530046383,0
Z_64_58,12.99054054054054,77.57083333333333,612,0.99997413,0.5419770208691127,HIGH,174,0.2565359477124183,0.013071895424836602,0.049019607843137254,0.10784313725490191,605.4885471034584,527.3219879708968,0
Z_62_53,12.98153153153153,77.54768518518519,465,0.9999821,0.5416170027678016,HIGH,175,0.6688172043010753,0.017204301075268817,0.07956989247311828,0.16344086021505377,1359.75434711117,1514.3321044736842,0
Z_65_55,12.995045045045044,77.55694444444444,105,0.99998057,0.541378212262005,HIGH,176,0.6095238095238096,0.11428571428571428,0.2571428571428571,0.09523809523809523,447.60009447873944,330.99566307412573,2
Z_58_63,12.963513513513513,77.59398148148148,257,0.9977375,0.541330095793686,HIGH,177,0.2140077821011673,0.0311284046692607,0.011673151750972763,0.35019455252918286,1426.6136727068738,936.5884525746308,1
Z_107_82,13.184234234234234,77.68194444444444,2630,0.99504364,0.5400959865128241,HIGH,178,0.3057034220532319,0.23612167300380227,0.29315589353612165,0.08821292775665401,21846.194670323202,20815.895615475292,0
Z_76_53,13.044594594594594,77.54768518518519,48,0.9990761,0.5398644398513179,HIGH,179,0.9791666666666666,0.3125,0.375,0.04166666666666663,2535.729893273325,3420.864026932708,0
Z_64_78,12.99054054054054,77.66342592592592,35,0.99889827,0.5397198854523491,HIGH,180,0.2571428571428571,0.05714285714285714,0.6,0.0,1132.6389882377841,3614.9875231941564,0
Z_64_51,12.99054054054054,77.53842592592592,462,0.9999366,0.539647916647463,HIGH,181,0.9177489177489178,0.05844155844155844,0.10822510822510822,0.08874458874458879,1747.229193606955,1965.9664630998907,0
Z_62_60,12.98153153153153,77.58009259259259,225,0.9999709,0.5396021123228261,HIGH,182,0.7822222222222223,0.03111111111111111,0.19111111111111112,0.08444444444444443,1093.7513328742048,1122.9443601368023,0
Z_48_59,12.918468468468468,77.57546296296296,502,0.9999697,0.539549089310911,HIGH,183,0.23904382470119523,0.021912350597609563,0.043824701195219126,0.1294820717131474,1406.3245913287026,1499.898464625202,1
Z_57_75,12.959009009009009,77.64953703703704,571,0.9999583,0.5394506419127738,HIGH,184,0.08231173380035026,0.12609457092819615,0.05779334500875657,0.06129597197898429,2354.8706701349206,193.646895549212,2
Z_57_61,12.959009009009009,77.58472222222223,478,0.99996984,0.5394386781114703,HIGH,185,0.23221757322175732,0.01882845188284519,0.09832635983263599,0.08158995815899583,2064.8738861868515,1887.168079509237,0
Z_63_55,12.986036036036035,77.55694444444444,502,0.9994825,0.5391664771983147,HIGH,186,0.6175298804780877,0.00199203187250996,0.04183266932270916,0.15936254980079678,693.4920765387765,675.9994094143312,0
Z_49_67,12.922972972972973,77.6125,30,0.9967463,0.5387095438212298,HIGH,187,0.9333333333333333,0.7333333333333333,0.13333333333333333,0.0,3285.5829598493124,1273.5819987914085,0
Z_44_81,12.90045045045045,77.6773148148148,581,0.99736124,0.5386853567726665,HIGH,188,0.38209982788296043,0.0017211703958691911,0.22030981067125646,0.08261617900172114,9528.185363793202,7213.870057514911,0
Z_59_51,12.968018018018018,77.53842592592592,894,0.9981616,0.5386724312432709,HIGH,189,0.5838926174496645,0.02348993288590604,0.010067114093959731,0.12527964205816555,990.1907646702944,3317.5118181769603,0
Z_66_79,12.999549549549549,77.66805555555555,35,0.999087,0.5386464101058421,HIGH,190,0.8285714285714286,0.2571428571428571,0.4857142857142857,0.0,1958.6175567440778,3103.846157569163,0
Z_61_55,12.977027027027026,77.55694444444444,832,0.9984862,0.5385561171539158,HIGH,191,0.2548076923076923,0.016826923076923076,0.03125,0.06490384615384615,1555.9226425230656,1676.7298009454016,0
Z_50_85,12.927477477477478,77.69583333333333,234,0.99195975,0.538550926262622,HIGH,192,0.3504273504273504,0.4188034188034188,0.05982905982905983,0.0854700854700855,8223.614681882138,6250.761913438926,0
Z_48_52,12.918468468468468,77.54305555555555,27,0.99740005,0.5381772793357464,HIGH,193,0.9629629629629629,0.5555555555555556,0.2962962962962963,0.0,3553.65758063075,4738.865824302896,0
Z_64_67,12.99054054054054,77.6125,199,0.99485457,0.5381504740921994,HIGH,194,0.07035175879396985,0.0,0.09547738693467336,0.3266331658291457,1783.9863434879821,2268.2086615263,0
Z_67_48,13.004054054054054,77.52453703703704,86,0.99920243,0.5379110001344022,HIGH,195,0.023255813953488372,0.686046511627907,0.05813953488372093,0.011627906976744207,3080.303744063765,3072.93610018629,0
Z_55_66,12.95,77.60787037037036,139,0.99996877,0.537837213532656,HIGH,196,0.17266187050359713,0.007194244604316547,0.1223021582733813,0.3309352517985612,2830.9758216246055,1783.5970869483024,0
Z_58_54,12.963513513513513,77.5523148148148,331,0.9999789,0.5375582356476104,HIGH,197,0.2326283987915408,0.03323262839879154,0.09063444108761329,0.17522658610271902,1448.6710627542402,3179.598316993574,0
Z_49_61,12.922972972972973,77.58472222222223,169,0.9999666,0.5375298979677798,HIGH,198,0.514792899408284,0.2603550295857988,0.09467455621301775,0.041420118343195256,691.197010689488,1502.6733095157958,1
Z_47_73,12.913963963963964,77.64027777777777,327,0.99763286,0.5374955083731651,HIGH,199,0.3058103975535168,0.0,0.1345565749235474,0.17737003058103973,6446.989050479673,3841.4049135479413,1
Z_60_57,12.972522522522521,77.5662037037037,101,0.9999778,0.5373109106042422,HIGH,200,0.5643564356435643,0.1782178217821782,0.19801980198019803,0.08910891089108908,721.6055747448639,1554.6954985941613,0
Z_60_89,12.972522522522521,77.71435185185184,298,0.9998807,0.5372976841465426,HIGH,201,0.5067114093959731,0.16778523489932887,0.22483221476510068,0.023489932885906062,6919.712149227675,3211.1375288987724,0
Z_34_78,12.855405405405405,77.66342592592592,120,0.99677795,0.5368937006908931,HIGH,202,0.575,0.5166666666666667,0.225,0.033333333333333326,11285.93120011197,10343.210120843305,0
Z_76_48,13.044594594594594,77.52453703703704,40,0.99295217,0.5363682053211528,HIGH,203,0.375,0.075,0.575,0.0,1013.5991133111366,4448.802978383263,0
Z_53_69,12.94099099099099,77.62175925925925,160,0.9999726,0.5363240685633928,HIGH,204,0.33125,0.1,0.19375,0.09375,3532.9353091630537,1313.5954102765475,0
Z_59_65,12.968018018018018,77.60324074074074,100,0.9999013,0.5362814810748145,HIGH,205,0.35,0.37,0.04,0.15000000000000002,914.0599480213727,764.9015028238218,0
Z_54_49,12.945495495495495,77.52916666666667,100,0.9997719,0.5359047613169425,HIGH,206,0.45,0.29,0.23,0.050000000000000044,1903.9691405277658,5968.861443016326,0
Z_65_66,12.995045045045044,77.60787037037036,339,0.9987226,0.5355062533866519,HIGH,207,0.7079646017699115,0.058997050147492625,0.02654867256637168,0.2359882005899705,2167.282611093733,2760.297857182131,0
Z_64_55,12.99054054054054,77.55694444444444,441,0.9949681,0.5352146708297338,HIGH,208,0.8662131519274376,0.0,0.07256235827664399,0.108843537414966,299.5992884296629,179.9662366648192,2
Z_61_69,12.977027027027026,77.62175925925925,236,0.9989784,0.5349365128618,HIGH,209,0.25,0.1483050847457627,0.03389830508474576,0.14406779661016944,530.3653216380552,1486.8817034517838,0
Z_51_67,12.93198198198198,77.6125,136,0.9999666,0.5346781979705344,HIGH,210,0.6838235294117647,0.11764705882352941,0.21323529411764705,0.044117647058823484,3236.938572604403,282.50408963027974,1
Z_63_60,12.986036036036035,77.58009259259259,560,0.9999708,0.5342958261452987,HIGH,211,0.2125,0.025,0.055357142857142855,0.044642857142857095,1033.7876872179293,1018.0366112137045,0
Z_40_73,12.88243243243243,77.64027777777777,153,0.9875402,0.5339245586344882,HIGH,212,0.9934640522875817,0.0,0.20261437908496732,0.33333333333333337,7864.723595798442,6556.31621338283,0
Z_57_74,12.959009009009009,77.6449074074074,817,0.99313545,0.5335786778295117,HIGH,213,0.046511627906976744,0.056303549571603426,0.01591187270501836,0.062423500611995086,2201.636099981823,316.73214319688566,2
Z_59_50,12.968018018018018,77.53379629629629,653,0.9983632,0.533446948350051,HIGH,214,0.4241960183767228,0.018376722817764167,0.02909647779479326,0.1332312404287902,1170.7571670082186,3636.252414643449,0
Z_55_52,12.95,77.54305555555555,78,0.999288,0.5330115130261847,HIGH,215,0.4358974358974359,0.16666666666666666,0.3333333333333333,0.012820512820512775,1085.6969278717222,4902.746134578672,0
Z_58_68,12.963513513513513,77.61712962962963,28,0.9994205,0.5329912159592562,HIGH,216,1.0,0.14285714285714285,0.14285714285714285,0.4642857142857143,1058.7813933044333,1087.735737086128,0
Z_61_66,12.977027027027026,77.60787037037036,297,0.9999702,0.5328835678130937,HIGH,217,0.4478114478114478,0.050505050505050504,0.11784511784511785,0.04040404040404044,217.3180469208574,779.6712373860919,1
Z_80_63,13.062612612612613,77.59398148148148,182,0.9975649,0.53287876294946,HIGH,218,0.8516483516483516,0.027472527472527472,0.34065934065934067,0.07692307692307687,6818.816240829129,7134.319883593042,0
Z_60_67,12.972522522522521,77.6125,597,0.9982091,0.5325628925839518,HIGH,219,0.04522613065326633,0.020100502512562814,0.021775544388609715,0.06030150753768848,734.6972711877941,374.76166791999776,1
Z_47_61,12.913963963963964,77.58472222222223,220,0.9999701,0.5325496067917831,HIGH,220,0.4318181818181818,0.12272727272727273,0.09545454545454546,0.07727272727272727,1673.826618450395,509.93004744003105,0
Z_59_62,12.968018018018018,77.58935185185184,520,0.9986356,0.5323737295559642,HIGH,221,0.31346153846153846,0.025,0.038461538461538464,0.06538461538461537,997.9470606692388,861.3457623338337,0
Z_64_59,12.99054054054054,77.57546296296296,516,0.9985843,0.5322697581575577,HIGH,222,0.28875968992248063,0.015503875968992248,0.031007751937984496,0.08139534883720934,802.2497268642143,737.6894974033602,0
Z_40_74,12.88243243243243,77.6449074074074,187,0.98979414,0.5319922341114708,HIGH,223,1.0,0.0,0.20320855614973263,0.2727272727272727,8351.05059367006,6807.753118647983,0
Z_60_58,12.972522522522521,77.57083333333333,64,0.99946123,0.5318097547504071,HIGH,224,0.6875,0.1875,0.234375,0.0625,467.25846607714624,1476.4588191256069,1
Z_77_43,13.049099099099099,77.50138888888888,157,0.99890363,0.5314948725587995,HIGH,225,0.7961783439490446,0.012738853503184714,0.267515923566879,0.22292993630573243,1599.9215018534594,6642.039814167583,0
Z_43_72,12.895945945945945,77.63564814814815,185,0.9960387,0.5313136945768084,HIGH,226,0.7027027027027027,0.0,0.24864864864864866,0.11351351351351346,6799.668849560706,5002.014054526283,0
Z_57_57,12.959009009009009,77.5662037037037,144,0.9999746,0.5309993573371931,HIGH,227,0.625,0.3680555555555556,0.041666666666666664,0.04861111111111116,2043.1912881555472,3018.5994764916613,0
Z_57_76,12.959009009009009,77.65416666666667,114,0.9999558,0.5306245488565405,HIGH,228,0.42105263157894735,0.3508771929824561,0.10526315789473684,0.07017543859649122,2597.4904447488148,691.408286807716,0
Z_72_59,13.026576576576575,77.57546296296296,589,0.9999685,0.530245105099764,HIGH,229,0.7538200339558574,0.006791171477079796,0.04923599320882852,0.1069609507640068,3128.9279798518573,2996.55617979718,0
Z_65_61,12.995045045045044,77.58472222222223,337,0.9987657,0.5299925736377656,HIGH,230,0.4599406528189911,0.05341246290801187,0.02373887240356083,0.1572700296735905,1879.9815904332204,1834.4072149800004,0
Z_63_47,12.986036036036035,77.5199074074074,234,0.9999087,0.529855408326094,HIGH,231,0.1282051282051282,0.004273504273504274,0.20512820512820512,0.12393162393162394,3674.782855736425,4021.727203487173,0
Z_50_82,12.927477477477478,77.68194444444444,822,0.999718,0.5294745459890533,HIGH,232,0.7518248175182481,0.0072992700729927005,0.10583941605839416,0.03771289537712896,7207.0380538428035,5066.349322692287,0
Z_57_46,12.959009009009009,77.51527777777777,27,0.96365863,0.5294148253538642,HIGH,233,0.5185185185185185,0.4074074074074074,0.4074074074074074,0.03703703703703709,2646.5464191643814,5787.067902018165,0
Z_63_93,12.986036036036035,77.73287037037036,554,0.9999031,0.5288758072320121,HIGH,234,0.7851985559566786,0.016245487364620937,0.06678700361010831,0.21660649819494582,8664.091856192343,4089.2560300006335,0
Z_75_47,13.04009009009009,77.5199074074074,345,0.9998281,0.5288585818783506,HIGH,235,0.4405797101449275,0.13623188405797101,0.11884057971014493,0.05507246376811592,670.1152339168317,4445.4633989891645,0
Z_62_54,12.98153153153153,77.5523148148148,182,0.9999771,0.5281182031881808,HIGH,236,0.3901098901098901,0.054945054945054944,0.13736263736263737,0.09890109890109888,1166.0914722826985,1259.6167789526482,0
Z_60_65,12.972522522522521,77.60324074074074,100,0.99997044,0.5278435440172786,HIGH,237,0.59,0.36,0.06,0.040000000000000036,491.7557246676829,748.3077477023703,1
Z_58_58,12.963513513513513,77.57083333333333,87,0.99965465,0.5276671616008046,HIGH,238,0.5977011494252874,0.1724137931034483,0.21839080459770116,0.011494252873563204,1467.142088908024,2478.1863437514,0
Z_56_47,12.954504504504504,77.5199074074074,186,0.9998647,0.5273549713564113,HIGH,239,0.543010752688172,0.26344086021505375,0.10215053763440861,0.07526881720430112,2207.436279004519,5761.7365856336055,0
Z_51_61,12.93198198198198,77.58472222222223,540,0.99850404,0.5272449067490255,HIGH,240,0.34629629629629627,0.024074074074074074,0.03888888888888889,0.01666666666666672,401.05064163656635,2502.60984735689,1
Z_50_69,12.927477477477478,77.62175925925925,156,0.9962871,0.5267012126605112,HIGH,241,0.22435897435897437,0.0,0.1346153846153846,0.1858974358974359,4225.221155727571,1334.5378672745164,1
Z_61_52,12.977027027027026,77.54305555555555,568,0.997554,0.5266323201681476,HIGH,242,0.528169014084507,0.03169014084507042,0.01232394366197183,0.0880281690140845,2015.3466569990833,2220.6222385979863,0
Z_57_77,12.959009009009009,77.65879629629629,66,0.9995441,0.5262399633225874,HIGH,243,0.3333333333333333,0.3787878787878788,0.13636363636363635,0.09090909090909094,2907.2020447229315,1192.4588660064453,0
Z_52_86,12.936486486486485,77.70046296296296,406,0.9987041,0.5261414860644481,HIGH,244,0.6773399014778325,0.1625615763546798,0.10591133004926108,0.061576354679802936,7848.269011942317,6214.15952135839,0
Z_54_63,12.945495495495495,77.59398148148148,304,0.99970204,0.5260796453534844,HIGH,245,0.21710526315789475,0.003289473684210526,0.05263157894736842,0.14802631578947367,1957.4691094814887,2282.37780171677,1
Z_71_50,13.02207207207207,77.53379629629629,209,0.9999739,0.5260692389216715,HIGH,246,0.583732057416268,0.06220095693779904,0.17703349282296652,0.052631578947368474,1430.7487154359023,2068.6681779770647,0
Z_59_61,12.968018018018018,77.58472222222223,237,0.99873084,0.5253849643882378,HIGH,247,0.759493670886076,0.012658227848101266,0.016877637130801686,0.21518987341772156,1278.0035868736259,1326.5876407124986,0
Z_63_66,12.986036036036035,77.60787037037036,325,0.99997926,0.5252820034629929,HIGH,248,0.8215384615384616,0.027692307692307693,0.07692307692307693,0.04923076923076919,1169.8954010715481,1763.5335194199138,1
Z_46_70,12.909459459459459,77.62638888888888,223,0.9999713,0.5251745188200152,HIGH,249,0.5246636771300448,0.053811659192825115,0.11210762331838565,0.09865470852017932,5195.257459906357,3197.7083157676207,0
Z_45_53,12.904954954954954,77.54768518518519,110,0.99997044,0.5250002482648989,HIGH,250,0.6272727272727273,0.4727272727272727,0.045454545454545456,0.009090909090909038,2481.7158238412358,4161.887147749306,0
Z_46_64,12.909459459459459,77.59861111111111,418,0.9943566,0.5248527697464247,HIGH,251,0.06937799043062201,0.02631578947368421,0.0,0.1411483253588517,2758.507649832115,1388.5317901364015,1
Z_31_81,12.84189189189189,77.6773148148148,370,0.9924583,0.5240399993674025,HIGH,252,0.4,0.22162162162162163,0.1783783783783784,0.09189189189189184,13319.189987848355,12446.85436411726,0
Z_71_61,13.02207207207207,77.58472222222223,370,0.999969,0.5240319033813725,HIGH,253,0.5945945945945946,0.05405405405405406,0.043243243243243246,0.12972972972972974,4086.764890676197,3762.012907328003,0
Z_68_60,13.008558558558558,77.58009259259259,182,0.9999652,0.5239032713018316,HIGH,254,0.13736263736263737,0.17032967032967034,0.06593406593406594,0.09340659340659341,2803.9111415680927,2727.5878673836146,0
Z_39_63,12.877927927927928,77.59398148148148,252,0.9970583,0.5235880313546053,HIGH,255,0.25,0.0,0.15079365079365079,0.11111111111111116,3597.8746073987477,3620.9265080687605,0
Z_55_59,12.95,77.57546296296296,195,0.99996877,0.5235301063480069,HIGH,256,0.358974358974359,0.02564102564102564,0.14358974358974358,0.06153846153846154,848.8475189579751,3303.9463379011077,0
Z_65_68,12.995045045045044,77.61712962962963,346,0.9996847,0.5235299664500701,HIGH,257,0.1676300578034682,0.002890173410404624,0.08670520231213873,0.08092485549132944,2449.808464191822,2860.8594752868985,0
Z_48_60,12.918468468468468,77.58009259259259,191,0.9999691,0.5234302684882941,HIGH,258,0.45549738219895286,0.08376963350785341,0.06282722513089005,0.09424083769633507,1196.4711065119727,1173.5197259567294,0
Z_54_64,12.945495495495495,77.59861111111111,98,0.98811716,0.5233911633666097,HIGH,259,0.3163265306122449,0.0,0.16326530612244897,0.24489795918367352,2452.949024742653,1879.9452523113148,1
Z_72_47,13.026576576576575,77.5199074074074,55,0.99961424,0.5230334840202959,HIGH,260,0.8363636363636363,0.16363636363636364,0.32727272727272727,0.036363636363636376,528.0893461107688,3647.208883679974,0
Z_64_65,12.99054054054054,77.60324074074074,267,0.99882144,0.5228474881546802,HIGH,261,0.4419475655430712,0.04868913857677903,0.02247191011235955,0.14981273408239704,1698.4323603261116,2232.717094565803,0
Z_55_50,12.95,77.53379629629629,66,0.9989115,0.5223781485776141,HIGH,262,0.24242424242424243,0.2727272727272727,0.22727272727272727,0.030303030303030276,1206.565396676373,5288.366267253504,0
Z_72_51,13.026576576576575,77.53842592592592,58,0.9995788,0.5223040686711535,HIGH,263,0.7068965517241379,0.2413793103448276,0.2413793103448276,0.03448275862068961,1069.997690626228,1952.2623271461377,0
Z_57_62,12.959009009009009,77.58935185185184,108,0.9969025,0.5222912559451628,HIGH,264,0.3425925925925926,0.0,0.14814814814814814,0.18518518518518523,1960.7351043619053,1594.8191940843515,0
Z_52_85,12.936486486486485,77.69583333333333,298,0.9957014,0.5219666572081681,HIGH,265,0.6442953020134228,0.2751677852348993,0.08389261744966443,0.023489932885906062,7529.054960799075,5756.8283898739055,0
Z_47_66,12.913963963963964,77.60787037037036,424,0.99158597,0.5217805515805821,HIGH,266,0.01179245283018868,0.0,0.04009433962264151,0.07075471698113212,3184.4880484670207,2309.9765034015504,1
Z_52_70,12.936486486486485,77.62638888888888,135,0.9999641,0.5217057982538273,HIGH,267,0.7333333333333333,0.007407407407407408,0.22962962962962963,0.014814814814814836,4091.476628606175,1608.6986813201283,1
Z_46_51,12.909459459459459,77.53842592592592,4,0.99623233,0.5212720888186468,HIGH,268,0.75,0.5,0.5,0.0,3577.783378056605,5134.612127948238,0
Z_80_61,13.062612612612613,77.58472222222223,158,0.9982115,0.5211161739343253,HIGH,269,0.6582278481012658,0.03164556962025317,0.2468354430379747,0.06329113924050633,6106.78731846757,6524.115779544864,0
Z_53_66,12.94099099099099,77.60787037037036,58,0.99939585,0.5209792040513009,HIGH,270,0.3448275862068966,0.1206896551724138,0.10344827586206896,0.27586206896551724,3031.4079929935133,842.2386628820409,0
Z_66_83,12.999549549549549,77.68657407407407,117,0.9999175,0.5208420063541237,HIGH,271,0.4017094017094017,0.2564102564102564,0.10256410256410256,0.1367521367521367,3795.767890350834,1139.5777904755105,0
Z_61_89,12.977027027027026,77.71435185185184,71,0.9846902,0.5208080015421822,HIGH,272,1.0,0.6619718309859155,0.056338028169014086,0.028169014084507005,6797.643170074963,2828.913001197766,0
Z_45_61,12.904954954954954,77.58472222222223,94,0.9999573,0.5207961268179421,HIGH,273,0.5,0.2127659574468085,0.1276595744680851,0.03191489361702127,1663.8278501017453,518.7106925269397,0
Z_46_65,12.909459459459459,77.60324074074074,137,0.99556977,0.5206419706010884,HIGH,274,0.06569343065693431,0.0072992700729927005,0.0,0.35766423357664234,3095.2820622507506,1890.3094343504881,0
Z_57_45,12.959009009009009,77.51064814814815,468,0.99969316,0.5200951204749407,HIGH,275,0.4700854700854701,0.03418803418803419,0.08547008547008547,0.06623931623931623,3148.2126263641344,6182.489415029334,0
Z_73_50,13.03108108108108,77.53379629629629,222,0.99997234,0.5198907354582982,HIGH,276,0.6621621621621622,0.08558558558558559,0.10810810810810811,0.08108108108108103,1559.760539284328,2661.0291909414273,0
Z_107_81,13.184234234234234,77.6773148148148,814,0.9945551,0.5195758394358919,HIGH,277,0.20515970515970516,0.2800982800982801,0.31203931203931207,0.06511056511056512,21779.89569820571,20860.902770162982,0
Z_46_71,12.909459459459459,77.63101851851852,68,0.9990804,0.5189536844955247,HIGH,278,0.6764705882352942,0.07352941176470588,0.20588235294117646,0.1470588235294118,5655.374884831783,3474.8596408959547,0
Z_53_48,12.94099099099099,77.52453703703704,227,0.99981934,0.5187510712431165,HIGH,279,0.801762114537445,0.1145374449339207,0.14537444933920704,0.03524229074889873,2607.6020569711623,6655.297677984244,0
Z_59_53,12.968018018018018,77.54768518518519,287,0.99969494,0.5185826696382646,HIGH,280,0.21254355400696864,0.003484320557491289,0.04878048780487805,0.11149825783972123,1307.7192207170076,2843.0321835132827,0
Z_109_74,13.193243243243243,77.6449074074074,592,0.9951533,0.5185245937116726,HIGH,281,0.10641891891891891,0.34459459459459457,0.33614864864864863,0.057432432432432456,21741.627398923338,22375.742827472088,0
Z_56_87,12.954504504504504,77.70509259259259,99,0.9969484,0.5184749640974432,HIGH,282,0.3939393939393939,0.1717171717171717,0.15151515151515152,0.202020202020202,6874.931102623575,4654.7830349108,0
Z_68_52,13.008558558558558,77.54305555555555,265,0.9999826,0.5184067331628387,HIGH,283,0.5811320754716981,0.022641509433962263,0.06415094339622641,0.0792452830188679,1533.1409218350868,1052.0959780485343,0
Z_47_71,12.913963963963964,77.63101851851852,193,0.999966,0.5183240741896231,HIGH,284,0.7409326424870466,0.015544041450777202,0.12953367875647667,0.06735751295336789,5483.444708413075,3089.8733958362145,0
Z_58_62,12.963513513513513,77.58935185185184,138,0.99997115,0.5183189419889979,HIGH,285,0.11594202898550725,0.036231884057971016,0.07971014492753623,0.14492753623188404,1472.8582498243275,1179.7472501939435,0
Z_57_58,12.959009009009009,77.57083333333333,179,0.99997354,0.5183057142987995,HIGH,286,0.11731843575418995,0.061452513966480445,0.061452513966480445,0.11731843575418999,1936.2409092620155,2979.0573116333385,0
Z_64_63,12.99054054054054,77.59398148148148,314,0.9988167,0.5181457565703822,HIGH,287,0.3662420382165605,0.006369426751592357,0.03503184713375796,0.0859872611464968,1272.3875658088393,2122.3326971806155,0
Z_47_59,12.913963963963964,77.57546296296296,70,0.99912137,0.518135784522311,HIGH,288,0.07142857142857142,0.02857142857142857,0.2571428571428571,0.02857142857142858,1616.3758864994104,1225.3968307976322,1
Z_53_57,12.94099099099099,77.5662037037037,442,0.9972562,0.5181081862823672,HIGH,289,0.34841628959276016,0.01583710407239819,0.020361990950226245,0.0565610859728507,1094.5737305273071,4095.362264665513,1
Z_64_66,12.99054054054054,77.60787037037036,124,0.9985435,0.5180103849493224,HIGH,290,0.23387096774193547,0.21774193548387097,0.016129032258064516,0.13709677419354838,1667.9345802601367,2261.364311300569,0
Z_63_62,12.986036036036035,77.58935185185184,117,0.9999747,0.5179257552423163,HIGH,291,0.7863247863247863,0.02564102564102564,0.1794871794871795,0.05128205128205132,767.4923583873815,1777.62332016394,0
Z_63_68,12.986036036036035,77.61712962962963,153,0.9999763,0.5179025606125742,HIGH,292,0.16993464052287582,0.05228758169934641,0.05228758169934641,0.17647058823529416,1508.8269792978956,1917.1185788835332,0
Z_58_81,12.963513513513513,77.6773148148148,4,0.99727184,0.5175070011285426,HIGH,293,1.0,0.5,0.5,0.0,3935.0721737233334,3244.615027414662,0
Z_50_54,12.927477477477478,77.5523148148148,326,0.997256,0.5172843516689779,HIGH,294,0.049079754601226995,0.07668711656441718,0.03680981595092025,0.06134969325153372,3074.6914672237235,4143.2691399885425,0
Z_66_68,12.999549549549549,77.61712962962963,129,0.99425757,0.517258004148175,HIGH,295,0.7441860465116279,0.0,0.26356589147286824,0.007751937984496138,2901.448542224147,3345.405810393547,0
Z_66_60,12.999549549549549,77.58009259259259,143,0.99757415,0.5172000663459075,HIGH,296,0.013986013986013986,0.006993006993006993,0.006993006993006993,0.29370629370629375,1907.711850977601,1836.6077045985191,0
Z_61_61,12.977027027027026,77.58472222222223,297,0.99993026,0.5171833749566717,HIGH,297,0.7272727272727273,0.03367003367003367,0.04040404040404041,0.023569023569023573,760.0067134448825,1401.890402851091,0
Z_39_75,12.877927927927928,77.64953703703704,143,0.99970526,0.5168399260518235,HIGH,298,1.0,0.006993006993006993,0.16783216783216784,0.22377622377622375,8965.683253585723,7499.943440045209,0
Z_62_56,12.98153153153153,77.56157407407407,343,0.99679357,0.5166805546069829,HIGH,299,0.40524781341107874,0.0058309037900874635,0.008746355685131196,0.07580174927113703,1055.4103780874757,1096.8262458494391,0
Z_31_75,12.84189189189189,77.64953703703704,496,0.99815136,0.5163696992058727,HIGH,300,0.7278225806451613,0.008064516129032258,0.1693548387096774,0.06854838709677424,10792.392030241665,10210.29936452909,0
Z_48_80,12.918468468468468,77.67268518518519,230,0.99980265,0.516280344033239,HIGH,301,0.6565217391304348,0.1826086956521739,0.08695652173913043,0.0304347826086957,7506.610873894931,5214.041203875678,0
Z_59_86,12.968018018018018,77.70046296296296,144,0.9904073,0.5159895320832149,HIGH,302,0.4583333333333333,0.3958333333333333,0.027777777777777776,0.06944444444444442,5684.612451948405,3087.404714538118,0
Z_62_63,12.98153153153153,77.59398148148148,236,0.9999651,0.515931532734799,HIGH,303,0.1440677966101695,0.046610169491525424,0.05084745762711865,0.03813559322033899,374.95929645722936,1135.0034411013785,1
Z_52_47,12.936486486486485,77.5199074074074,352,0.999723,0.5159179550674124,HIGH,304,0.8068181818181818,0.05113636363636364,0.10511363636363637,0.051136363636363646,3313.5022762829885,7346.011558845527,0
Z_59_74,12.968018018018018,77.6449074074074,72,0.999355,0.515507821148908,HIGH,305,0.4027777777777778,0.3472222222222222,0.09722222222222222,0.01388888888888884,1237.2457561753617,1093.137757784753,0
Z_56_60,12.954504504504504,77.58009259259259,214,0.9982608,0.5152157047739746,HIGH,306,0.7429906542056075,0.08411214953271028,0.028037383177570093,0.07476635514018692,1410.513324424531,2595.4088056856644,0
Z_48_61,12.918468468468468,77.58472222222223,153,0.9999788,0.5147247539232841,HIGH,307,0.5359477124183006,0.0392156862745098,0.09803921568627451,0.04575163398692805,1178.4929398525542,1004.0662554423911,0
