zone_id,center_lat,center_lng,violation_count,risk_score,risk_prediction
Z_100_68,13.152702702702703,77.61712962962963,3,0.0026907376,0
Z_100_69,13.152702702702703,77.62175925925925,5,0.0018648498,0
Z_102_63,13.16171171171171,77.59398148148148,18,0.00015533493,0
Z_102_70,13.16171171171171,77.62638888888888,29,0.0015518928,0
Z_102_74,13.16171171171171,77.6449074074074,1,3.2199303e-05,0
Z_103_88,13.166216216216215,77.70972222222223,2,2.6969405e-05,0
Z_104_65,13.17072072072072,77.60324074074074,2,0.0034039258,0
Z_105_72,13.175225225225224,77.63564814814815,19,0.0017415183,0
Z_105_92,13.175225225225224,77.72824074074074,1,3.2199303e-05,0
Z_107_73,13.184234234234234,77.64027777777777,1,0.00011508022,0
Z_107_81,13.184234234234234,77.6773148148148,814,0.9945551,1
Z_107_82,13.184234234234234,77.68194444444444,2630,0.99504364,1
Z_107_83,13.184234234234234,77.68657407407407,210,0.024990048,0
Z_107_84,13.184234234234234,77.6912037037037,67,4.2861684e-05,0
Z_107_85,13.184234234234234,77.69583333333333,11,3.556151e-05,0
Z_108_73,13.188738738738738,77.64027777777777,11,3.253594e-05,0
Z_108_74,13.188738738738738,77.6449074074074,341,0.995793,1
Z_108_80,13.188738738738738,77.67268518518519,1,4.671657e-05,0
Z_108_81,13.188738738738738,77.6773148148148,1,2.837219e-05,0
Z_108_82,13.188738738738738,77.68194444444444,1257,0.9980896,1
Z_109_74,13.193243243243243,77.6449074074074,592,0.9951533,1
Z_109_75,13.193243243243243,77.64953703703704,24,0.0022045025,0
Z_109_82,13.193243243243243,77.68194444444444,97,0.061016437,0
Z_109_83,13.193243243243243,77.68657407407407,1,4.671657e-05,0
Z_109_84,13.193243243243243,77.6912037037037,3,2.837219e-05,0
Z_109_85,13.193243243243243,77.69583333333333,5,0.0001528836,0
Z_109_86,13.193243243243243,77.70046296296296,9,0.00033229115,0
Z_109_87,13.193243243243243,77.70509259259259,2,0.0001528836,0
Z_109_88,13.193243243243243,77.70972222222223,2,6.760797e-05,0
Z_110_80,13.197747747747748,77.67268518518519,1,2.837219e-05,0
Z_110_81,13.197747747747748,77.6773148148148,8,0.00016688924,0
Z_110_82,13.197747747747748,77.68194444444444,28,0.0002143565,0
Z_110_83,13.197747747747748,77.68657407407407,5,3.008226e-05,0
Z_110_84,13.197747747747748,77.6912037037037,2,0.00031007262,0
Z_110_85,13.197747747747748,77.69583333333333,3,2.9604429e-05,0
Z_110_86,13.197747747747748,77.70046296296296,25,3.9671188e-05,0
Z_110_87,13.197747747747748,77.70509259259259,51,0.00020724958,0
Z_110_88,13.197747747747748,77.70972222222223,13,0.002105121,0
Z_110_89,13.197747747747748,77.71435185185184,2,0.00014532573,0
Z_22_87,12.80135135135135,77.70509259259259,1,3.8436785e-05,0
Z_23_85,12.805855855855855,77.69583333333333,20,0.0056479336,0
Z_23_86,12.805855855855855,77.70046296296296,22,0.00025424,0
Z_24_85,12.81036036036036,77.69583333333333,7,0.00031299278,0
Z_25_84,12.814864864864864,77.6912037037037,1,0.00013216215,0
Z_26_83,12.819369369369369,77.68657407407407,84,0.0003831734,0
Z_26_84,12.819369369369369,77.6912037037037,156,0.99535215,1
Z_27_82,12.823873873873874,77.68194444444444,7,0.011668118,0
Z_27_83,12.823873873873874,77.68657407407407,25,0.0026480188,0
Z_28_82,12.828378378378378,77.68194444444444,25,0.0027496193,0
Z_29_81,12.832882882882883,77.6773148148148,4,0.0026672436,0
Z_29_82,12.832882882882883,77.68194444444444,6,0.00023666979,0
Z_30_75,12.837387387387386,77.64953703703704,1,4.041928e-05,0
Z_30_77,12.837387387387386,77.65879629629629,1,4.3192318e-05,0
Z_30_78,12.837387387387386,77.66342592592592,1,2.977019e-05,0
Z_30_81,12.837387387387386,77.6773148148148,95,0.983335,1
Z_30_82,12.837387387387386,77.68194444444444,3,0.00055076333,0
Z_31_73,12.84189189189189,77.64027777777777,7,0.00017946772,0
Z_31_74,12.84189189189189,77.6449074074074,1605,0.99884415,1
Z_31_75,12.84189189189189,77.64953703703704,496,0.99815136,1
Z_31_76,12.84189189189189,77.65416666666667,23,3.194057e-05,0
Z_31_78,12.84189189189189,77.66342592592592,16,2.9235996e-05,0
Z_31_80,12.84189189189189,77.67268518518519,5,0.00012674538,0
Z_31_81,12.84189189189189,77.6773148148148,370,0.9924583,1
Z_31_83,12.84189189189189,77.68657407407407,17,0.003821402,0
Z_32_62,12.846396396396395,77.58935185185184,3,0.00015678072,0
Z_32_75,12.846396396396395,77.64953703703704,4,7.845121e-05,0
Z_32_77,12.846396396396395,77.65879629629629,6,2.7655615e-05,0
Z_32_78,12.846396396396395,77.66342592592592,4,3.0407025e-05,0
Z_32_79,12.846396396396395,77.66805555555555,1,2.977019e-05,0
Z_32_80,12.846396396396395,77.67268518518519,6,0.00011385293,0
Z_32_82,12.846396396396395,77.68194444444444,1,2.837219e-05,0
Z_32_83,12.846396396396395,77.68657407407407,2,0.00015244792,0
Z_33_62,12.8509009009009,77.58935185185184,17,0.005189351,0
Z_33_76,12.8509009009009,77.65416666666667,1,2.2303984e-05,0
Z_33_77,12.8509009009009,77.65879629629629,116,0.12581106,0
Z_33_80,12.8509009009009,77.67268518518519,1,5.085946e-05,0
Z_34_49,12.855405405405405,77.52916666666667,1,2.6495596e-05,0
Z_34_58,12.855405405405405,77.57083333333333,1,3.032279e-05,0
Z_34_62,12.855405405405405,77.58935185185184,52,0.00029461595,0
Z_34_78,12.855405405405405,77.66342592592592,120,0.99677795,1
Z_34_80,12.855405405405405,77.67268518518519,1,2.4816756e-05,0
Z_35_49,12.85990990990991,77.52916666666667,30,0.00013239714,0
Z_35_62,12.85990990990991,77.58935185185184,30,0.00033201912,0
Z_35_67,12.85990990990991,77.6125,1,2.6033636e-05,0
Z_35_75,12.85990990990991,77.64953703703704,6,5.0695213e-05,0
Z_35_77,12.85990990990991,77.65879629629629,7,9.676488e-05,0
Z_35_80,12.85990990990991,77.67268518518519,5,5.005825e-05,0
Z_35_87,12.85990990990991,77.70509259259259,7,3.3868328e-05,0
Z_36_49,12.864414414414414,77.52916666666667,44,0.00013949687,0
Z_36_50,12.864414414414414,77.53379629629629,19,0.0045162966,0
Z_36_62,12.864414414414414,77.58935185185184,1,4.2539017e-05,0
Z_36_63,12.864414414414414,77.59398148148148,3,2.5141986e-05,0
Z_36_76,12.864414414414414,77.65416666666667,2,2.7758982e-05,0
Z_36_77,12.864414414414414,77.65879629629629,3,3.4236935e-05,0
Z_36_87,12.864414414414414,77.70509259259259,2,3.1267413e-05,0
Z_37_50,12.868918918918919,77.53379629629629,11,9.366762e-05,0
Z_37_51,12.868918918918919,77.53842592592592,41,0.04658196,0
Z_37_58,12.868918918918919,77.57083333333333,4,0.0004365422,0
Z_37_59,12.868918918918919,77.57546296296296,1,4.069539e-05,0
Z_37_60,12.868918918918919,77.58009259259259,2,8.299554e-05,0
Z_37_61,12.868918918918919,77.58472222222223,1,4.7024976e-05,0
Z_37_63,12.868918918918919,77.59398148148148,1,2.705147e-05,0
Z_37_76,12.868918918918919,77.65416666666667,447,0.9998704,1
Z_37_77,12.868918918918919,77.65879629629629,79,0.45190924,0
Z_38_51,12.873423423423423,77.53842592592592,56,0.0003524092,0
Z_38_52,12.873423423423423,77.54305555555555,52,0.0003145834,0
Z_38_57,12.873423423423423,77.5662037037037,21,4.764901e-05,0
Z_38_58,12.873423423423423,77.57083333333333,3,4.728521e-05,0
Z_38_61,12.873423423423423,77.58472222222223,1,3.731801e-05,0
Z_38_63,12.873423423423423,77.59398148148148,101,0.9880006,1
Z_38_65,12.873423423423423,77.60324074074074,1,5.576988e-05,0
Z_38_68,12.873423423423423,77.61712962962963,1,0.0017390142,0
Z_38_73,12.873423423423423,77.64027777777777,17,0.0033462162,0
Z_38_74,12.873423423423423,77.6449074074074,17,0.00035214995,0
Z_38_75,12.873423423423423,77.64953703703704,143,0.9549442,1
Z_38_76,12.873423423423423,77.65416666666667,47,0.0035897493,0
Z_38_79,12.873423423423423,77.66805555555555,16,0.00033111539,0
Z_38_80,12.873423423423423,77.67268518518519,19,0.017244507,0
Z_39_31,12.877927927927928,77.44583333333333,4,0.0018500437,0
Z_39_46,12.877927927927928,77.51527777777777,1,3.812306e-05,0
Z_39_49,12.877927927927928,77.52916666666667,2,0.0045758206,0
Z_39_50,12.877927927927928,77.53379629629629,1,0.00015092634,0
Z_39_52,12.877927927927928,77.54305555555555,65,0.0011808758,0
Z_39_53,12.877927927927928,77.54768518518519,35,0.0040651346,0
Z_39_55,12.877927927927928,77.55694444444444,4,9.2685375e-05,0
Z_39_63,12.877927927927928,77.59398148148148,252,0.9970583,1
Z_39_64,12.877927927927928,77.59861111111111,230,0.99994826,1
Z_39_65,12.877927927927928,77.60324074074074,6,8.907948e-05,0
Z_39_66,12.877927927927928,77.60787037037036,1,6.8867215e-05,0
Z_39_67,12.877927927927928,77.6125,5,8.401823e-05,0
Z_39_68,12.877927927927928,77.61712962962963,57,0.009758933,0
Z_39_70,12.877927927927928,77.62638888888888,8,9.735435e-05,0
Z_39_72,12.877927927927928,77.63564814814815,8,0.0018006663,0
Z_39_73,12.877927927927928,77.64027777777777,21,0.001259684,0
Z_39_74,12.877927927927928,77.6449074074074,94,0.9794353,1
Z_39_75,12.877927927927928,77.64953703703704,143,0.99970526,1
Z_39_76,12.877927927927928,77.65416666666667,1,6.5556036e-05,0
Z_39_80,12.877927927927928,77.67268518518519,45,0.00025627483,0
Z_39_94,12.877927927927928,77.7375,1,0.00017451288,0
Z_40_43,12.88243243243243,77.50138888888888,1,2.6495596e-05,0
Z_40_52,12.88243243243243,77.54305555555555,3,0.001469079,0
Z_40_53,12.88243243243243,77.54768518518519,53,0.0020333892,0
Z_40_54,12.88243243243243,77.5523148148148,10,6.444688e-05,0
Z_40_63,12.88243243243243,77.59398148148148,96,0.9945838,1
Z_40_64,12.88243243243243,77.59861111111111,73,0.00015988846,0
Z_40_65,12.88243243243243,77.60324074074074,15,9.6668584e-05,0
Z_40_66,12.88243243243243,77.60787037037036,15,0.0001523045,0
Z_40_72,12.88243243243243,77.63564814814815,10,8.634488e-05,0
Z_40_73,12.88243243243243,77.64027777777777,153,0.9875402,1
Z_40_74,12.88243243243243,77.6449074074074,187,0.98979414,1
Z_40_75,12.88243243243243,77.64953703703704,15,0.00011131513,0
Z_40_76,12.88243243243243,77.65416666666667,1,6.0819424e-05,0
Z_40_80,12.88243243243243,77.67268518518519,1,5.7194407e-05,0
Z_40_97,12.88243243243243,77.75138888888888,52,0.014899811,0
Z_40_98,12.88243243243243,77.75601851851852,1,2.977019e-05,0
Z_41_51,12.886936936936936,77.53842592592592,1,3.849335e-05,0
Z_41_55,12.886936936936936,77.55694444444444,9,6.455944e-05,0
Z_41_56,12.886936936936936,77.56157407407407,303,0.990131,1
Z_41_57,12.886936936936936,77.5662037037037,14,7.573225e-05,0
Z_41_58,12.886936936936936,77.57083333333333,14,0.01111145,0
Z_41_60,12.886936936936936,77.58009259259259,2,7.039718e-05,0
Z_41_63,12.886936936936936,77.59398148148148,2,6.659867e-05,0
Z_41_64,12.886936936936936,77.59861111111111,12,0.0049689454,0
Z_41_70,12.886936936936936,77.62638888888888,1,0.0020561432,0
Z_41_72,12.886936936936936,77.63564814814815,11,0.0026127705,0
Z_41_73,12.886936936936936,77.64027777777777,416,0.9884558,1
Z_41_74,12.886936936936936,77.6449074074074,11,0.0016804849,0
Z_41_75,12.886936936936936,77.64953703703704,30,0.00010745177,0
Z_41_76,12.886936936936936,77.65416666666667,1,0.0007230586,0
Z_41_80,12.886936936936936,77.67268518518519,13,0.0015162065,0
Z_41_94,12.886936936936936,77.7375,20,0.014739211,0
Z_41_96,12.886936936936936,77.74675925925925,1,5.085946e-05,0
Z_42_51,12.89144144144144,77.53842592592592,1,0.0006858086,0
Z_42_56,12.89144144144144,77.56157407407407,68,0.99856085,1
Z_42_57,12.89144144144144,77.5662037037037,11,0.99950683,1
Z_42_58,12.89144144144144,77.57083333333333,32,0.999527,1
Z_42_59,12.89144144144144,77.57546296296296,1,7.8748846e-05,0
Z_42_60,12.89144144144144,77.58009259259259,19,0.99912244,1
Z_42_61,12.89144144144144,77.58472222222223,1,7.1319104e-05,0
Z_42_62,12.89144144144144,77.58935185185184,3,9.643197e-05,0
Z_42_63,12.89144144144144,77.59398148148148,7,0.003039612,0
Z_42_64,12.89144144144144,77.59861111111111,32,0.99891496,1
Z_42_65,12.89144144144144,77.60324074074074,1,4.269903e-05,0
Z_42_66,12.89144144144144,77.60787037037036,2,4.225938e-05,0
Z_42_67,12.89144144144144,77.6125,1,0.0013537509,0
Z_42_69,12.89144144144144,77.62175925925925,7,8.9546025e-05,0
Z_42_70,12.89144144144144,77.62638888888888,1,8.514847e-05,0
Z_42_71,12.89144144144144,77.63101851851852,26,9.715533e-05,0
Z_42_72,12.89144144144144,77.63564814814815,460,0.99372756,1
Z_42_73,12.89144144144144,77.64027777777777,428,0.99971336,1
Z_42_74,12.89144144144144,77.6449074074074,3,0.0011657098,0
Z_42_75,12.89144144144144,77.64953703703704,3,0.0013918914,0
Z_42_77,12.89144144144144,77.65879629629629,1,5.6894674e-05,0
Z_42_79,12.89144144144144,77.66805555555555,15,0.9687414,1
Z_43_33,12.895945945945945,77.45509259259259,4,2.9552783e-05,0
Z_43_55,12.895945945945945,77.55694444444444,4,0.002388167,0
Z_43_57,12.895945945945945,77.5662037037037,48,0.00012737345,0
Z_43_58,12.895945945945945,77.57083333333333,39,0.99938536,1
Z_43_60,12.895945945945945,77.58009259259259,2,0.0023187979,0
Z_43_61,12.895945945945945,77.58472222222223,11,0.003703234,0
Z_43_64,12.895945945945945,77.59861111111111,168,0.0035221546,0
Z_43_66,12.895945945945945,77.60787037037036,16,0.9971016,1
Z_43_68,12.895945945945945,77.61712962962963,1,7.932103e-05,0
Z_43_69,12.895945945945945,77.62175925925925,2,6.880708e-05,0
Z_43_70,12.895945945945945,77.62638888888888,10,6.147114e-05,0
Z_43_72,12.895945945945945,77.63564814814815,185,0.9960387,1
Z_43_73,12.895945945945945,77.64027777777777,4,5.713815e-05,0
Z_43_75,12.895945945945945,77.64953703703704,1,5.345089e-05,0
Z_43_77,12.895945945945945,77.65879629629629,76,0.9778046,1
Z_43_81,12.895945945945945,77.6773148148148,97,0.93032444,1
Z_43_90,12.895945945945945,77.71898148148148,174,0.9973845,1
Z_44_35,12.90045045045045,77.46435185185184,1,3.2199303e-05,0
Z_44_36,12.90045045045045,77.46898148148148,2,0.0027075578,0
Z_44_47,12.90045045045045,77.5199074074074,1,3.6602207e-05,0
Z_44_52,12.90045045045045,77.54305555555555,3,6.287277e-05,0
Z_44_55,12.90045045045045,77.55694444444444,1,0.0011959518,0
Z_44_57,12.90045045045045,77.5662037037037,4,0.00010502559,0
Z_44_58,12.90045045045045,77.57083333333333,8,9.974695e-05,0
Z_44_60,12.90045045045045,77.58009259259259,2,4.6072135e-05,0
Z_44_61,12.90045045045045,77.58472222222223,63,0.9993297,1
Z_44_63,12.90045045045045,77.59398148148148,56,0.0044991313,0
Z_44_65,12.90045045045045,77.60324074074074,6,5.5905926e-05,0
Z_44_66,12.90045045045045,77.60787037037036,3,0.0015329273,0
Z_44_68,12.90045045045045,77.61712962962963,3,0.00011397513,0
Z_44_69,12.90045045045045,77.62175925925925,4,0.0018374247,0
Z_44_70,12.90045045045045,77.62638888888888,7,0.99578816,1
Z_44_71,12.90045045045045,77.63101851851852,29,7.4080475e-05,0
Z_44_72,12.90045045045045,77.63564814814815,28,0.00944872,0
Z_44_73,12.90045045045045,77.64027777777777,13,5.3903186e-05,0
Z_44_74,12.90045045045045,77.6449074074074,23,0.0027800484,0
Z_44_75,12.90045045045045,77.64953703703704,21,0.9766995,1
Z_44_77,12.90045045045045,77.65879629629629,59,0.0040917485,0
Z_44_80,12.90045045045045,77.67268518518519,3,5.7741006e-05,0
Z_44_81,12.90045045045045,77.6773148148148,581,0.99736124,1
Z_44_83,12.90045045045045,77.68657407407407,7,2.7286651e-05,0
Z_44_87,12.90045045045045,77.70509259259259,1,1.9696487e-05,0
Z_44_88,12.90045045045045,77.70972222222223,35,0.00018670528,0
Z_45_32,12.904954954954954,77.45046296296296,1,3.2199303e-05,0
Z_45_37,12.904954954954954,77.47361111111111,3,0.00013216215,0
Z_45_45,12.904954954954954,77.51064814814815,4,0.00010098491,0
Z_45_49,12.904954954954954,77.52916666666667,1,2.8033284e-05,0
Z_45_50,12.904954954954954,77.53379629629629,14,0.000853346,0
Z_45_51,12.904954954954954,77.53842592592592,3,0.0015867846,0
Z_45_52,12.904954954954954,77.54305555555555,85,0.9990621,1
Z_45_53,12.904954954954954,77.54768518518519,110,0.99997044,1
Z_45_55,12.904954954954954,77.55694444444444,7,0.001952597,0
Z_45_57,12.904954954954954,77.5662037037037,1,0.0033436837,0
Z_45_58,12.904954954954954,77.57083333333333,15,0.9992242,1
Z_45_59,12.904954954954954,77.57546296296296,75,0.006313335,0
Z_45_60,12.904954954954954,77.58009259259259,36,0.9994024,1
Z_45_61,12.904954954954954,77.58472222222223,94,0.9999573,1
Z_45_62,12.904954954954954,77.58935185185184,52,0.99882036,1
Z_45_63,12.904954954954954,77.59398148148148,60,0.9990897,1
Z_45_64,12.904954954954954,77.59861111111111,19,0.99945146,1
Z_45_65,12.904954954954954,77.60324074074074,60,0.0040828274,0
Z_45_67,12.904954954954954,77.6125,4,5.945217e-05,0
Z_45_70,12.904954954954954,77.62638888888888,224,0.9999567,1
Z_45_71,12.904954954954954,77.63101851851852,994,0.9999002,1
Z_45_72,12.904954954954954,77.63564814814815,46,0.003795294,0
Z_45_73,12.904954954954954,77.64027777777777,100,0.0221892,0
Z_45_74,12.904954954954954,77.6449074074074,4,5.7952006e-05,0
Z_45_75,12.904954954954954,77.64953703703704,6,0.0014180742,0
Z_45_78,12.904954954954954,77.66342592592592,7,5.795167e-05,0
Z_45_81,12.904954954954954,77.6773148148148,56,0.98070866,1
Z_45_85,12.904954954954954,77.69583333333333,186,0.12952685,0
Z_45_86,12.904954954954954,77.70046296296296,39,2.342896e-05,0
Z_45_87,12.904954954954954,77.70509259259259,140,0.7314319,1
Z_46_38,12.909459459459459,77.47824074074074,33,0.00257242,0
Z_46_39,12.909459459459459,77.48287037037036,15,0.00014585437,0
Z_46_46,12.909459459459459,77.51527777777777,31,3.485765e-05,0
Z_46_50,12.909459459459459,77.53379629629629,55,0.0003450742,0
Z_46_51,12.909459459459459,77.53842592592592,4,0.99623233,1
Z_46_52,12.909459459459459,77.54305555555555,1,0.00010557655,0
Z_46_53,12.909459459459459,77.54768518518519,62,0.9992937,1
Z_46_54,12.909459459459459,77.5523148148148,87,0.9993944,1
Z_46_55,12.909459459459459,77.55694444444444,7,0.99899393,1
Z_46_57,12.909459459459459,77.5662037037037,2,0.0014999583,0
Z_46_58,12.909459459459459,77.57083333333333,118,0.9999746,1
Z_46_59,12.909459459459459,77.57546296296296,155,0.9998485,1
Z_46_60,12.909459459459459,77.58009259259259,88,0.026560435,0
Z_46_61,12.909459459459459,77.58472222222223,79,0.99660975,1
Z_46_62,12.909459459459459,77.58935185185184,51,0.0050091217,0
Z_46_63,12.909459459459459,77.59398148148148,11,0.004194246,0
Z_46_64,12.909459459459459,77.59861111111111,418,0.9943566,1
Z_46_65,12.909459459459459,77.60324074074074,137,0.99556977,1
Z_46_66,12.909459459459459,77.60787037037036,18,0.000105655716,0
Z_46_67,12.909459459459459,77.6125,3,0.000115892595,0
Z_46_70,12.909459459459459,77.62638888888888,223,0.9999713,1
Z_46_71,12.909459459459459,77.63101851851852,68,0.9990804,1
Z_46_72,12.909459459459459,77.63564814814815,54,0.016611714,0
Z_46_73,12.909459459459459,77.64027777777777,472,0.997542,1
Z_46_74,12.909459459459459,77.6449074074074,129,0.0051103244,0
Z_46_75,12.909459459459459,77.64953703703704,8,5.0035913e-05,0
Z_46_76,12.909459459459459,77.65416666666667,9,5.713815e-05,0
Z_46_78,12.909459459459459,77.66342592592592,1,4.773119e-05,0
Z_46_81,12.909459459459459,77.6773148148148,34,0.9828818,1
Z_46_82,12.909459459459459,77.68194444444444,38,7.3984746e-05,0
Z_46_83,12.909459459459459,77.68657407407407,89,0.0021888763,0
Z_46_84,12.909459459459459,77.6912037037037,10,0.00031737197,0
Z_46_85,12.909459459459459,77.69583333333333,17,0.00029570016,0
Z_46_87,12.909459459459459,77.70509259259259,3,5.534951e-05,0
Z_47_38,12.913963963963964,77.47824074074074,5,0.00012009296,0
Z_47_39,12.913963963963964,77.48287037037036,66,0.00013400102,0
Z_47_40,12.913963963963964,77.4875,20,0.0002846452,0
Z_47_46,12.913963963963964,77.51527777777777,5,0.00010785798,0
Z_47_47,12.913963963963964,77.5199074074074,4,0.00024863158,0
Z_47_53,12.913963963963964,77.54768518518519,6,0.9977968,1
Z_47_54,12.913963963963964,77.5523148148148,22,0.9980459,1
Z_47_55,12.913963963963964,77.55694444444444,2,3.7796468e-05,0
Z_47_56,12.913963963963964,77.56157407407407,7,0.00479669,0
Z_47_57,12.913963963963964,77.5662037037037,13,0.0041344236,0
Z_47_58,12.913963963963964,77.57083333333333,41,0.010184865,0
Z_47_59,12.913963963963964,77.57546296296296,70,0.99912137,1
Z_47_60,12.913963963963964,77.58009259259259,9,5.416851e-05,0
Z_47_61,12.913963963963964,77.58472222222223,220,0.9999701,1
Z_47_62,12.913963963963964,77.58935185185184,14,0.99822265,1
Z_47_63,12.913963963963964,77.59398148148148,1,5.2283274e-05,0
Z_47_64,12.913963963963964,77.59861111111111,9,5.4258726e-05,0
Z_47_65,12.913963963963964,77.60324074074074,198,0.9803867,1
Z_47_66,12.913963963963964,77.60787037037036,424,0.99158597,1
Z_47_67,12.913963963963964,77.6125,4,0.0026579432,0
Z_47_68,12.913963963963964,77.61712962962963,30,0.0001277649,0
Z_47_69,12.913963963963964,77.62175925925925,12,0.0047353464,0
Z_47_70,12.913963963963964,77.62638888888888,262,0.9999627,1
Z_47_71,12.913963963963964,77.63101851851852,193,0.999966,1
Z_47_72,12.913963963963964,77.63564814814815,1054,0.9989453,1
Z_47_73,12.913963963963964,77.64027777777777,327,0.99763286,1
Z_47_74,12.913963963963964,77.6449074074074,97,0.97727454,1
Z_47_75,12.913963963963964,77.64953703703704,123,0.007239831,0
Z_47_76,12.913963963963964,77.65416666666667,8,0.0026418236,0
Z_47_79,12.913963963963964,77.66805555555555,29,0.0014550872,0
Z_47_80,12.913963963963964,77.67268518518519,31,7.45445e-05,0
Z_47_81,12.913963963963964,77.6773148148148,190,0.9996786,1
Z_47_82,12.913963963963964,77.68194444444444,167,0.99982965,1
Z_47_86,12.913963963963964,77.70046296296296,27,0.00031245346,0
Z_48_39,12.918468468468468,77.48287037037036,3,2.623176e-05,0
Z_48_41,12.918468468468468,77.49212962962963,1,0.00010927034,0
Z_48_43,12.918468468468468,77.50138888888888,51,0.00015706007,0
Z_48_46,12.918468468468468,77.51527777777777,5,0.000103281505,0
Z_48_47,12.918468468468468,77.5199074074074,9,0.014325608,0
Z_48_52,12.918468468468468,77.54305555555555,27,0.99740005,1
Z_48_53,12.918468468468468,77.54768518518519,1,4.365445e-05,0
Z_48_56,12.918468468468468,77.56157407407407,19,0.99779475,1
Z_48_57,12.918468468468468,77.5662037037037,13,5.107419e-05,0
Z_48_58,12.918468468468468,77.57083333333333,40,0.0054802643,0
Z_48_59,12.918468468468468,77.57546296296296,502,0.9999697,1
Z_48_60,12.918468468468468,77.58009259259259,191,0.9999691,1
Z_48_61,12.918468468468468,77.58472222222223,153,0.9999788,1
Z_48_62,12.918468468468468,77.58935185185184,8,0.0035488296,0
Z_48_63,12.918468468468468,77.59398148148148,121,0.9999505,1
Z_48_64,12.918468468468468,77.59861111111111,142,0.9999664,1
Z_48_65,12.918468468468468,77.60324074074074,12,0.004435694,0
Z_48_66,12.918468468468468,77.60787037037036,7,0.0071371575,0
Z_48_67,12.918468468468468,77.6125,72,0.016121969,0
Z_48_68,12.918468468468468,77.61712962962963,6,9.191488e-05,0
Z_48_69,12.918468468468468,77.62175925925925,139,0.99995756,1
Z_48_70,12.918468468468468,77.62638888888888,5,5.290892e-05,0
Z_48_71,12.918468468468468,77.63101851851852,26,0.9985802,1
Z_48_72,12.918468468468468,77.63564814814815,8,6.0097318e-05,0
Z_48_73,12.918468468468468,77.64027777777777,76,0.99628735,1
Z_48_74,12.918468468468468,77.6449074074074,67,0.004385213,0
Z_48_75,12.918468468468468,77.64953703703704,123,0.98592734,1
Z_48_76,12.918468468468468,77.65416666666667,7,0.0021830664,0
Z_48_78,12.918468468468468,77.66342592592592,81,0.0019752241,0
Z_48_79,12.918468468468468,77.66805555555555,51,0.005139382,0
Z_48_80,12.918468468468468,77.67268518518519,230,0.99980265,1
Z_48_82,12.918468468468468,77.68194444444444,1,4.7928646e-05,0
Z_48_83,12.918468468468468,77.68657407407407,9,2.556366e-05,0
Z_48_84,12.918468468468468,77.6912037037037,3,2.6136373e-05,0
Z_48_86,12.918468468468468,77.70046296296296,2,3.1128264e-05,0
Z_48_94,12.918468468468468,77.7375,8,7.2605144e-05,0
Z_49_37,12.922972972972973,77.47361111111111,1,5.500927e-05,0
Z_49_39,12.922972972972973,77.48287037037036,1,2.623176e-05,0
Z_49_40,12.922972972972973,77.4875,8,0.0001413701,0
Z_49_41,12.922972972972973,77.49212962962963,1,2.4766254e-05,0
Z_49_42,12.922972972972973,77.49675925925925,17,0.00020391714,0
Z_49_46,12.922972972972973,77.51527777777777,4,2.2229324e-05,0
Z_49_47,12.922972972972973,77.5199074074074,4,3.8079677e-05,0
Z_49_49,12.922972972972973,77.52916666666667,2,0.00036839064,0
Z_49_53,12.922972972972973,77.54768518518519,1,6.555697e-05,0
Z_49_54,12.922972972972973,77.5523148148148,11,0.005262432,0
Z_49_55,12.922972972972973,77.55694444444444,8,8.33244e-05,0
Z_49_56,12.922972972972973,77.56157407407407,18,0.99945945,1
Z_49_57,12.922972972972973,77.5662037037037,11,0.006990152,0
Z_49_58,12.922972972972973,77.57083333333333,10,0.0045149764,0
Z_49_59,12.922972972972973,77.57546296296296,61,0.9993773,1
Z_49_60,12.922972972972973,77.58009259259259,121,0.9979518,1
Z_49_61,12.922972972972973,77.58472222222223,169,0.9999666,1
Z_49_64,12.922972972972973,77.59861111111111,34,0.999199,1
Z_49_65,12.922972972972973,77.60324074074074,4,0.00337177,0
Z_49_66,12.922972972972973,77.60787037037036,37,0.0018482043,0
Z_49_67,12.922972972972973,77.6125,30,0.9967463,1
Z_49_68,12.922972972972973,77.61712962962963,318,0.9999484,1
Z_49_69,12.922972972972973,77.62175925925925,104,0.999946,1
Z_49_70,12.922972972972973,77.62638888888888,7,0.004877889,0
Z_49_71,12.922972972972973,77.63101851851852,21,0.9983783,1
Z_49_72,12.922972972972973,77.63564814814815,76,0.9987147,1
Z_49_73,12.922972972972973,77.64027777777777,26,0.006317908,0
Z_49_74,12.922972972972973,77.6449074074074,34,0.004400441,0
Z_49_75,12.922972972972973,77.64953703703704,133,0.998309,1
Z_49_76,12.922972972972973,77.65416666666667,9,4.5146302e-05,0
Z_49_77,12.922972972972973,77.65879629629629,1,4.374117e-05,0
Z_49_78,12.922972972972973,77.66342592592592,201,0.9918834,1
Z_49_79,12.922972972972973,77.66805555555555,125,0.9998872,1
Z_49_80,12.922972972972973,77.67268518518519,138,0.9998565,1
Z_49_81,12.922972972972973,77.6773148148148,41,5.6423793e-05,0
Z_49_83,12.922972972972973,77.68657407407407,2,2.4258565e-05,0
Z_49_85,12.922972972972973,77.69583333333333,46,0.007126343,0
Z_49_94,12.922972972972973,77.7375,19,0.002374128,0
Z_50_38,12.927477477477478,77.47824074074074,1,3.2199303e-05,0
Z_50_42,12.927477477477478,77.49675925925925,5,2.86951e-05,0
Z_50_44,12.927477477477478,77.50601851851852,1,0.0002064329,0
Z_50_45,12.927477477477478,77.51064814814815,1,6.7448986e-05,0
Z_50_46,12.927477477477478,77.51527777777777,8,2.0402234e-05,0
Z_50_50,12.927477477477478,77.53379629629629,3,6.179852e-05,0
Z_50_53,12.927477477477478,77.54768518518519,19,0.0036187014,0
Z_50_54,12.927477477477478,77.5523148148148,326,0.997256,1
Z_50_55,12.927477477477478,77.55694444444444,1,5.317975e-05,0
Z_50_57,12.927477477477478,77.5662037037037,12,0.9986934,1
Z_50_58,12.927477477477478,77.57083333333333,8,4.5819495e-05,0
Z_50_59,12.927477477477478,77.57546296296296,2,0.0033647746,0
Z_50_60,12.927477477477478,77.58009259259259,958,0.9990017,1
Z_50_61,12.927477477477478,77.58472222222223,834,0.9982432,1
Z_50_62,12.927477477477478,77.58935185185184,19,0.99950206,1
Z_50_63,12.927477477477478,77.59398148148148,11,4.8185513e-05,0
Z_50_64,12.927477477477478,77.59861111111111,69,0.9992925,1
Z_50_66,12.927477477477478,77.60787037037036,167,0.9996879,1
Z_50_67,12.927477477477478,77.6125,1,5.1561066e-05,0
Z_50_68,12.927477477477478,77.61712962962963,212,0.9999536,1
Z_50_69,12.927477477477478,77.62175925925925,156,0.9962871,1
Z_50_70,12.927477477477478,77.62638888888888,3,5.775516e-05,0
Z_50_71,12.927477477477478,77.63101851851852,53,0.0026973381,0
Z_50_72,12.927477477477478,77.63564814814815,91,0.99857056,1
Z_50_79,12.927477477477478,77.66805555555555,20,5.339047e-05,0
Z_50_80,12.927477477477478,77.67268518518519,1,5.516061e-05,0
Z_50_81,12.927477477477478,77.6773148148148,1207,0.99973065,1
Z_50_82,12.927477477477478,77.68194444444444,822,0.999718,1
Z_50_83,12.927477477477478,77.68657407407407,45,0.0006796997,0
Z_50_85,12.927477477477478,77.69583333333333,234,0.99195975,1
Z_50_94,12.927477477477478,77.7375,1,1.68751e-05,0
Z_51_40,12.93198198198198,77.4875,9,0.00017721257,0
Z_51_44,12.93198198198198,77.50601851851852,1,2.6065907e-05,0
Z_51_46,12.93198198198198,77.51527777777777,112,0.99742717,1
Z_51_51,12.93198198198198,77.53842592592592,1,5.9418846e-05,0
Z_51_52,12.93198198198198,77.54305555555555,5,6.402794e-05,0
Z_51_54,12.93198198198198,77.5523148148148,3,6.214643e-05,0
Z_51_55,12.93198198198198,77.55694444444444,10,4.090066e-05,0
Z_51_56,12.93198198198198,77.56157407407407,5,4.2166794e-05,0
Z_51_57,12.93198198198198,77.5662037037037,10,3.8028546e-05,0
Z_51_59,12.93198198198198,77.57546296296296,1,0.00010072985,0
Z_51_60,12.93198198198198,77.58009259259259,74,0.0073613995,0
Z_51_61,12.93198198198198,77.58472222222223,540,0.99850404,1
Z_51_62,12.93198198198198,77.58935185185184,1,0.00010072985,0
Z_51_63,12.93198198198198,77.59398148148148,46,0.0019200579,0
Z_51_64,12.93198198198198,77.59861111111111,1,8.799921e-05,0
Z_51_65,12.93198198198198,77.60324074074074,35,0.9992059,1
Z_51_66,12.93198198198198,77.60787037037036,612,0.9999535,1
Z_51_67,12.93198198198198,77.6125,136,0.9999666,1
Z_51_68,12.93198198198198,77.61712962962963,105,0.996689,1
Z_51_69,12.93198198198198,77.62175925925925,83,0.009681836,0
Z_51_70,12.93198198198198,77.62638888888888,6,0.0049571176,0
Z_51_71,12.93198198198198,77.63101851851852,693,0.999954,1
Z_51_72,12.93198198198198,77.63564814814815,16,0.00030375028,0
Z_51_81,12.93198198198198,77.6773148148148,10,0.0019178697,0
Z_51_82,12.93198198198198,77.68194444444444,24,0.9648466,1
Z_51_83,12.93198198198198,77.68657407407407,1956,0.99876034,1
Z_51_84,12.93198198198198,77.6912037037037,6268,0.34326348,0
Z_51_85,12.93198198198198,77.69583333333333,257,0.023089577,0
Z_51_95,12.93198198198198,77.74212962962963,2,7.231424e-05,0
Z_52_41,12.936486486486485,77.49212962962963,40,3.1874817e-05,0
Z_52_45,12.936486486486485,77.51064814814815,24,0.008913283,0
Z_52_46,12.936486486486485,77.51527777777777,59,0.9775994,1
Z_52_47,12.936486486486485,77.5199074074074,352,0.999723,1
Z_52_48,12.936486486486485,77.52453703703704,4,4.5163913e-05,0
Z_52_49,12.936486486486485,77.52916666666667,2,0.0021838415,0
Z_52_50,12.936486486486485,77.53379629629629,70,0.9979063,1
Z_52_51,12.936486486486485,77.53842592592592,236,0.004451519,0
Z_52_53,12.936486486486485,77.54768518518519,10,0.0012352766,0
Z_52_54,12.936486486486485,77.5523148148148,14,0.0007655563,0
Z_52_55,12.936486486486485,77.55694444444444,42,0.9988285,1
Z_52_56,12.936486486486485,77.56157407407407,12,0.002812177,0
Z_52_57,12.936486486486485,77.5662037037037,2,4.4609973e-05,0
Z_52_58,12.936486486486485,77.57083333333333,5,5.518681e-05,0
Z_52_59,12.936486486486485,77.57546296296296,138,0.9987691,1
Z_52_60,12.936486486486485,77.58009259259259,76,0.00027810386,0
Z_52_61,12.936486486486485,77.58472222222223,451,0.9999447,1
Z_52_63,12.936486486486485,77.59398148148148,104,0.011561004,0
Z_52_64,12.936486486486485,77.59861111111111,25,0.0033931083,0
Z_52_65,12.936486486486485,77.60324074074074,269,0.9952089,1
Z_52_66,12.936486486486485,77.60787037037036,219,0.99996066,1
Z_52_67,12.936486486486485,77.6125,298,0.9999646,1
Z_52_68,12.936486486486485,77.61712962962963,1023,0.9999621,1
Z_52_69,12.936486486486485,77.62175925925925,74,0.0045246934,0
Z_52_70,12.936486486486485,77.62638888888888,135,0.9999641,1
Z_52_71,12.936486486486485,77.63101851851852,31,0.9987436,1
Z_52_72,12.936486486486485,77.63564814814815,1,5.1217386e-05,0
Z_52_83,12.936486486486485,77.68657407407407,8,3.1758576e-05,0
Z_52_84,12.936486486486485,77.6912037037037,1885,0.99759835,1
Z_52_85,12.936486486486485,77.69583333333333,298,0.9957014,1
Z_52_86,12.936486486486485,77.70046296296296,406,0.9987041,1
Z_52_87,12.936486486486485,77.70509259259259,93,0.019522173,0
Z_52_90,12.936486486486485,77.71898148148148,3,8.230245e-05,0
Z_52_95,12.936486486486485,77.74212962962963,1,7.750359e-05,0
Z_52_96,12.936486486486485,77.74675925925925,57,0.007629776,0
Z_53_41,12.94099099099099,77.49212962962963,33,2.5738e-05,0
Z_53_42,12.94099099099099,77.49675925925925,3,3.9245795e-05,0
Z_53_48,12.94099099099099,77.52453703703704,227,0.99981934,1
Z_53_49,12.94099099099099,77.52916666666667,11,0.99318004,1
Z_53_50,12.94099099099099,77.53379629629629,8,0.0030790768,0
Z_53_51,12.94099099099099,77.53842592592592,1,6.615193e-05,0
Z_53_53,12.94099099099099,77.54768518518519,44,0.9981883,1
Z_53_55,12.94099099099099,77.55694444444444,5,6.1009257e-05,0
Z_53_56,12.94099099099099,77.56157407407407,48,0.004328801,0
Z_53_57,12.94099099099099,77.5662037037037,442,0.9972562,1
Z_53_58,12.94099099099099,77.57083333333333,771,0.9999758,1
Z_53_59,12.94099099099099,77.57546296296296,98,0.9972308,1
Z_53_60,12.94099099099099,77.58009259259259,63,6.933011e-05,0
Z_53_61,12.94099099099099,77.58472222222223,490,0.9999703,1
Z_53_63,12.94099099099099,77.59398148148148,13,0.0034754334,0
Z_53_64,12.94099099099099,77.59861111111111,3,0.0020183567,0
Z_53_65,12.94099099099099,77.60324074074074,4,0.0022302968,0
Z_53_66,12.94099099099099,77.60787037037036,58,0.99939585,1
Z_53_67,12.94099099099099,77.6125,7,0.9989876,1
Z_53_68,12.94099099099099,77.61712962962963,9,0.9989071,1
Z_53_69,12.94099099099099,77.62175925925925,160,0.9999726,1
Z_53_70,12.94099099099099,77.62638888888888,50,0.011941898,0
Z_53_71,12.94099099099099,77.63101851851852,12,9.42651e-05,0
Z_53_82,12.94099099099099,77.68194444444444,1,4.127828e-05,0
Z_53_83,12.94099099099099,77.68657407407407,4,2.3123857e-05,0
Z_53_84,12.94099099099099,77.6912037037037,29,8.959113e-05,0
Z_53_85,12.94099099099099,77.69583333333333,1903,0.072170004,0
Z_53_86,12.94099099099099,77.70046296296296,3,1.7378798e-05,0
Z_53_90,12.94099099099099,77.71898148148148,7,9.502792e-05,0
Z_53_96,12.94099099099099,77.74675925925925,107,0.99286485,1
Z_53_97,12.94099099099099,77.75138888888888,3,3.0297873e-05,0
Z_54_40,12.945495495495495,77.4875,9,4.563569e-05,0
Z_54_41,12.945495495495495,77.49212962962963,4,2.859231e-05,0
Z_54_42,12.945495495495495,77.49675925925925,22,9.243894e-05,0
Z_54_48,12.945495495495495,77.52453703703704,59,0.9885678,1
Z_54_49,12.945495495495495,77.52916666666667,100,0.9997719,1
Z_54_50,12.945495495495495,77.53379629629629,51,0.99801993,1
Z_54_51,12.945495495495495,77.53842592592592,8,0.99894136,1
Z_54_52,12.945495495495495,77.54305555555555,1,0.00096927484,0
Z_54_54,12.945495495495495,77.5523148148148,2,5.572171e-05,0
Z_54_57,12.945495495495495,77.5662037037037,77,0.0073439246,0
Z_54_58,12.945495495495495,77.57083333333333,1539,0.99998045,1
Z_54_59,12.945495495495495,77.57546296296296,102,0.99723357,1
Z_54_60,12.945495495495495,77.58009259259259,65,0.0017437763,0
Z_54_61,12.945495495495495,77.58472222222223,57,0.9992835,1
Z_54_62,12.945495495495495,77.58935185185184,196,0.9999578,1
Z_54_63,12.945495495495495,77.59398148148148,304,0.99970204,1
Z_54_64,12.945495495495495,77.59861111111111,98,0.98811716,1
Z_54_65,12.945495495495495,77.60324074074074,33,0.99942744,1
Z_54_66,12.945495495495495,77.60787037037036,22,0.99922824,1
Z_54_67,12.945495495495495,77.6125,1,7.9438665e-05,0
Z_54_68,12.945495495495495,77.61712962962963,16,4.8197828e-05,0
Z_54_69,12.945495495495495,77.62175925925925,25,7.1127775e-05,0
Z_54_70,12.945495495495495,77.62638888888888,6,0.003945995,0
Z_54_71,12.945495495495495,77.63101851851852,6,7.8079676e-05,0
Z_54_73,12.945495495495495,77.64027777777777,2,0.0017333,0
Z_54_75,12.945495495495495,77.64953703703704,2,4.17997e-05,0
Z_54_82,12.945495495495495,77.68194444444444,4,0.990404,1
Z_54_85,12.945495495495495,77.69583333333333,266,0.00923398,0
Z_54_86,12.945495495495495,77.70046296296296,177,0.012429181,0
Z_54_96,12.945495495495495,77.74675925925925,6,0.00016179399,0
Z_54_97,12.945495495495495,77.75138888888888,16,0.0001220095,0
Z_55_38,12.95,77.47824074074074,3,0.0035915817,0
Z_55_39,12.95,77.48287037037036,3,4.9241196e-05,0
Z_55_40,12.95,77.4875,10,5.4108157e-05,0
Z_55_42,12.95,77.49675925925925,6,0.00015722774,0
Z_55_43,12.95,77.50138888888888,13,0.00026597606,0
Z_55_44,12.95,77.50601851851852,7,8.3659266e-05,0
Z_55_47,12.95,77.5199074074074,88,0.9813013,1
Z_55_48,12.95,77.52453703703704,63,0.99688125,1
Z_55_49,12.95,77.52916666666667,5,0.00011193804,0
Z_55_50,12.95,77.53379629629629,66,0.9989115,1
Z_55_51,12.95,77.53842592592592,238,0.99991536,1
Z_55_52,12.95,77.54305555555555,78,0.999288,1
Z_55_54,12.95,77.5523148148148,6,6.7888745e-05,0
Z_55_55,12.95,77.55694444444444,12,0.0031221076,0
Z_55_56,12.95,77.56157407407407,6,0.9989722,1
Z_55_57,12.95,77.5662037037037,10,8.2241175e-05,0
Z_55_58,12.95,77.57083333333333,77,0.000110033,0
Z_55_59,12.95,77.57546296296296,195,0.99996877,1
Z_55_60,12.95,77.58009259259259,182,0.9980209,1
Z_55_61,12.95,77.58472222222223,28,6.6469685e-05,0
Z_55_62,12.95,77.58935185185184,78,0.998938,1
Z_55_63,12.95,77.59398148148148,44,0.00016350337,0
Z_55_64,12.95,77.59861111111111,200,0.9855216,1
Z_55_65,12.95,77.60324074074074,29,0.0085496,0
Z_55_66,12.95,77.60787037037036,139,0.99996877,1
Z_55_67,12.95,77.6125,2,0.0018022396,0
Z_55_69,12.95,77.62175925925925,9,0.99896073,1
Z_55_70,12.95,77.62638888888888,30,0.003027796,0
Z_55_73,12.95,77.64027777777777,21,4.8841946e-05,0
Z_55_76,12.95,77.65416666666667,4,4.17997e-05,0
Z_55_84,12.95,77.6912037037037,31,0.024865031,0
Z_55_85,12.95,77.69583333333333,1,7.8179364e-05,0
Z_55_86,12.95,77.70046296296296,1156,0.9964799,1
Z_55_89,12.95,77.71435185185184,10,0.009388244,0
Z_55_90,12.95,77.71898148148148,371,0.9941703,1
Z_55_96,12.95,77.74675925925925,9,0.001884103,0
Z_56_43,12.954504504504504,77.50138888888888,2,3.9245795e-05,0
Z_56_46,12.954504504504504,77.51527777777777,2,0.0012002988,0
Z_56_47,12.954504504504504,77.5199074074074,186,0.9998647,1
Z_56_51,12.954504504504504,77.53842592592592,16,0.99928457,1
Z_56_52,12.954504504504504,77.54305555555555,1435,0.99996126,1
Z_56_53,12.954504504504504,77.54768518518519,108,0.99995923,1
Z_56_54,12.954504504504504,77.5523148148148,1,4.9707236e-05,0
Z_56_57,12.954504504504504,77.5662037037037,27,0.0067365607,0
Z_56_58,12.954504504504504,77.57083333333333,72,0.99826825,1
Z_56_59,12.954504504504504,77.57546296296296,152,0.99997675,1
Z_56_60,12.954504504504504,77.58009259259259,214,0.9982608,1
Z_56_61,12.954504504504504,77.58472222222223,574,0.999966,1
Z_56_62,12.954504504504504,77.58935185185184,140,0.99731356,1
Z_56_63,12.954504504504504,77.59398148148148,188,0.0064518186,0
Z_56_65,12.954504504504504,77.60324074074074,15,0.0027677775,0
Z_56_67,12.954504504504504,77.6125,6,0.0020388898,0
Z_56_68,12.954504504504504,77.61712962962963,16,4.905274e-05,0
Z_56_69,12.954504504504504,77.62175925925925,39,0.0035055967,0
Z_56_73,12.954504504504504,77.64027777777777,51,4.6580884e-05,0
Z_56_75,12.954504504504504,77.64953703703704,17,0.00014242262,0
Z_56_76,12.954504504504504,77.65416666666667,24,0.0036279713,0
Z_56_79,12.954504504504504,77.66805555555555,1,7.413949e-05,0
Z_56_82,12.954504504504504,77.68194444444444,10,0.9864709,1
Z_56_83,12.954504504504504,77.68657407407407,5,4.487267e-05,0
Z_56_84,12.954504504504504,77.6912037037037,26,0.04797893,0
Z_56_85,12.954504504504504,77.69583333333333,30,0.05363215,0
Z_56_86,12.954504504504504,77.70046296296296,184,0.9973309,1
Z_56_87,12.954504504504504,77.70509259259259,99,0.9969484,1
Z_56_88,12.954504504504504,77.70972222222223,93,0.0635729,0
Z_56_89,12.954504504504504,77.71435185185184,136,0.99811953,1
Z_56_90,12.954504504504504,77.71898148148148,113,0.99624616,1
Z_56_91,12.954504504504504,77.72361111111111,8,0.0002659066,0
Z_56_92,12.954504504504504,77.72824074074074,22,0.0074166143,0
Z_56_93,12.954504504504504,77.73287037037036,77,0.02665323,0
Z_56_95,12.954504504504504,77.74212962962963,19,0.00228022,0
Z_56_96,12.954504504504504,77.74675925925925,33,0.004528208,0
Z_57_42,12.959009009009009,77.49675925925925,1,0.00013801976,0
Z_57_43,12.959009009009009,77.50138888888888,6,0.00014784974,0
Z_57_44,12.959009009009009,77.50601851851852,24,0.6598946,1
Z_57_45,12.959009009009009,77.51064814814815,468,0.99969316,1
Z_57_46,12.959009009009009,77.51527777777777,27,0.96365863,1
Z_57_47,12.959009009009009,77.5199074074074,348,0.9997147,1
Z_57_48,12.959009009009009,77.52453703703704,14,0.99424016,1
Z_57_49,12.959009009009009,77.52916666666667,986,0.014432637,0
Z_57_50,12.959009009009009,77.53379629629629,35,0.9991405,1
Z_57_51,12.959009009009009,77.53842592592592,5,0.0021088307,0
Z_57_53,12.959009009009009,77.54768518518519,4,7.8955476e-05,0
Z_57_54,12.959009009009009,77.5523148148148,111,0.999966,1
Z_57_55,12.959009009009009,77.55694444444444,108,0.99996984,1
Z_57_56,12.959009009009009,77.56157407407407,134,0.99996793,1
Z_57_57,12.959009009009009,77.5662037037037,144,0.9999746,1
Z_57_58,12.959009009009009,77.57083333333333,179,0.99997354,1
Z_57_59,12.959009009009009,77.57546296296296,2151,0.9999714,1
Z_57_60,12.959009009009009,77.58009259259259,460,0.9998977,1
Z_57_61,12.959009009009009,77.58472222222223,478,0.99996984,1
Z_57_62,12.959009009009009,77.58935185185184,108,0.9969025,1
Z_57_63,12.959009009009009,77.59398148148148,46,5.839002e-05,0
Z_57_64,12.959009009009009,77.59861111111111,7,0.00277573,0
Z_57_65,12.959009009009009,77.60324074074074,70,0.008484236,0
Z_57_66,12.959009009009009,77.60787037037036,4,7.5334436e-05,0
Z_57_68,12.959009009009009,77.61712962962963,6,9.010545e-05,0
Z_57_72,12.959009009009009,77.63564814814815,97,0.998154,1
Z_57_73,12.959009009009009,77.64027777777777,129,0.999962,1
Z_57_74,12.959009009009009,77.6449074074074,817,0.99313545,1
Z_57_75,12.959009009009009,77.64953703703704,571,0.9999583,1
Z_57_76,12.959009009009009,77.65416666666667,114,0.9999558,1
Z_57_77,12.959009009009009,77.65879629629629,66,0.9995441,1
Z_57_78,12.959009009009009,77.66342592592592,19,0.9989987,1
Z_57_79,12.959009009009009,77.66805555555555,321,0.99990654,1
Z_57_82,12.959009009009009,77.68194444444444,7,5.118531e-05,0
Z_57_85,12.959009009009009,77.69583333333333,2,9.2018716e-05,0
Z_57_86,12.959009009009009,77.70046296296296,1475,0.9998914,1
Z_57_87,12.959009009009009,77.70509259259259,161,0.9998678,1
Z_57_88,12.959009009009009,77.70972222222223,13,2.932882e-05,0
Z_57_89,12.959009009009009,77.71435185185184,611,0.05275431,0
Z_57_90,12.959009009009009,77.71898148148148,4,1.9625893e-05,0
Z_57_93,12.959009009009009,77.73287037037036,29,9.6006974e-05,0
Z_57_94,12.959009009009009,77.7375,16,0.0005373079,0
Z_57_95,12.959009009009009,77.74212962962963,13,0.008874932,0
Z_57_96,12.959009009009009,77.74675925925925,34,0.009446636,0
Z_58_42,12.963513513513513,77.49675925925925,4,0.00013801976,0
Z_58_44,12.963513513513513,77.50601851851852,7,0.00015713736,0
Z_58_45,12.963513513513513,77.51064814814815,21,0.0014602683,0
Z_58_50,12.963513513513513,77.53379629629629,33,7.236812e-05,0
Z_58_51,12.963513513513513,77.53842592592592,2151,0.99994695,1
Z_58_52,12.963513513513513,77.54305555555555,191,0.010640979,0
Z_58_53,12.963513513513513,77.54768518518519,44,0.9995652,1
Z_58_54,12.963513513513513,77.5523148148148,331,0.9999789,1
Z_58_55,12.963513513513513,77.55694444444444,463,0.9999697,1
Z_58_56,12.963513513513513,77.56157407407407,47,0.9989134,1
Z_58_57,12.963513513513513,77.5662037037037,34,0.9995004,1
Z_58_58,12.963513513513513,77.57083333333333,87,0.99965465,1
Z_58_59,12.963513513513513,77.57546296296296,9352,0.9999665,1
Z_58_60,12.963513513513513,77.58009259259259,3065,0.9999676,1
Z_58_61,12.963513513513513,77.58472222222223,3120,0.9978745,1
Z_58_62,12.963513513513513,77.58935185185184,138,0.99997115,1
Z_58_63,12.963513513513513,77.59398148148148,257,0.9977375,1
Z_58_64,12.963513513513513,77.59861111111111,1095,0.04654642,0
Z_58_65,12.963513513513513,77.60324074074074,54,0.9990079,1
Z_58_66,12.963513513513513,77.60787037037036,8,4.629313e-05,0
Z_58_67,12.963513513513513,77.6125,19,0.9991918,1
Z_58_68,12.963513513513513,77.61712962962963,28,0.9994205,1
Z_58_72,12.963513513513513,77.63564814814815,112,0.99464864,1
Z_58_73,12.963513513513513,77.64027777777777,260,0.99996185,1
Z_58_74,12.963513513513513,77.6449074074074,4,0.002460225,0
Z_58_75,12.963513513513513,77.64953703703704,106,0.009183101,0
Z_58_78,12.963513513513513,77.66342592592592,1,4.4474982e-05,0
Z_58_81,12.963513513513513,77.6773148148148,4,0.99727184,1
Z_58_86,12.963513513513513,77.70046296296296,74,0.002114399,0
Z_58_87,12.963513513513513,77.70509259259259,2,5.244461e-05,0
Z_58_88,12.963513513513513,77.70972222222223,5,5.9041144e-05,0
Z_58_89,12.963513513513513,77.71435185185184,78,0.002663973,0
Z_58_90,12.963513513513513,77.71898148148148,1592,0.12573163,0
Z_58_93,12.963513513513513,77.73287037037036,119,0.992234,1
Z_58_96,12.963513513513513,77.74675925925925,34,0.0034040501,0
Z_58_97,12.963513513513513,77.75138888888888,3,0.0019638538,0
Z_58_99,12.963513513513513,77.76064814814815,7,0.00014432591,0
Z_59_41,12.968018018018018,77.49212962962963,3,0.00019961585,0
Z_59_42,12.968018018018018,77.49675925925925,14,0.00024791504,0
Z_59_43,12.968018018018018,77.50138888888888,9,0.00023522417,0
Z_59_44,12.968018018018018,77.50601851851852,10,0.96798205,1
Z_59_45,12.968018018018018,77.51064814814815,24,0.0022981907,0
Z_59_48,12.968018018018018,77.52453703703704,1,7.176816e-05,0
Z_59_50,12.968018018018018,77.53379629629629,653,0.9983632,1
Z_59_51,12.968018018018018,77.53842592592592,894,0.9981616,1
Z_59_52,12.968018018018018,77.54305555555555,124,0.014480038,0
Z_59_53,12.968018018018018,77.54768518518519,287,0.99969494,1
Z_59_54,12.968018018018018,77.5523148148148,2,5.5355e-05,0
Z_59_55,12.968018018018018,77.55694444444444,19,0.9995894,1
Z_59_56,12.968018018018018,77.56157407407407,13,0.0038149795,0
Z_59_57,12.968018018018018,77.5662037037037,98,0.9999658,1
Z_59_58,12.968018018018018,77.57083333333333,91,0.9997143,1
Z_59_59,12.968018018018018,77.57546296296296,3671,0.9999807,1
Z_59_60,12.968018018018018,77.58009259259259,1120,0.9999201,1
Z_59_61,12.968018018018018,77.58472222222223,237,0.99873084,1
Z_59_62,12.968018018018018,77.58935185185184,520,0.9986356,1
Z_59_63,12.968018018018018,77.59398148148148,132,0.99997044,1
Z_59_64,12.968018018018018,77.59861111111111,109,0.9980902,1
Z_59_65,12.968018018018018,77.60324074074074,100,0.9999013,1
Z_59_66,12.968018018018018,77.60787037037036,528,0.99996877,1
Z_59_67,12.968018018018018,77.6125,39,0.99907386,1
Z_59_68,12.968018018018018,77.61712962962963,21,0.99904066,1
Z_59_69,12.968018018018018,77.62175925925925,19,0.9992545,1
Z_59_70,12.968018018018018,77.62638888888888,11,5.8606514e-05,0
Z_59_71,12.968018018018018,77.63101851851852,27,0.0030771377,0
Z_59_72,12.968018018018018,77.63564814814815,143,0.9999677,1
Z_59_73,12.968018018018018,77.64027777777777,1001,0.99996746,1
Z_59_74,12.968018018018018,77.6449074074074,72,0.999355,1
Z_59_75,12.968018018018018,77.64953703703704,271,0.99995327,1
Z_59_76,12.968018018018018,77.65416666666667,23,0.9990017,1
Z_59_77,12.968018018018018,77.65879629629629,88,0.99885476,1
Z_59_86,12.968018018018018,77.70046296296296,144,0.9904073,1
Z_59_87,12.968018018018018,77.70509259259259,1,7.646992e-05,0
Z_59_88,12.968018018018018,77.70972222222223,1,6.08265e-05,0
Z_59_89,12.968018018018018,77.71435185185184,216,0.9827337,1
Z_59_90,12.968018018018018,77.71898148148148,270,0.9692765,1
Z_59_93,12.968018018018018,77.73287037037036,5,0.012014016,0
Z_59_94,12.968018018018018,77.7375,8,0.005667188,0
Z_59_95,12.968018018018018,77.74212962962963,3,9.424426e-05,0
Z_59_97,12.968018018018018,77.75138888888888,93,0.00027175687,0
Z_59_98,12.968018018018018,77.75601851851852,1,0.00011093493,0
Z_60_44,12.972522522522521,77.50601851851852,122,0.99939454,1
Z_60_45,12.972522522522521,77.51064814814815,94,0.9644979,1
Z_60_46,12.972522522522521,77.51527777777777,8,0.9910227,1
Z_60_49,12.972522522522521,77.52916666666667,12,0.005865778,0
Z_60_50,12.972522522522521,77.53379629629629,7,5.353067e-05,0
Z_60_51,12.972522522522521,77.53842592592592,847,0.99998283,1
Z_60_52,12.972522522522521,77.54305555555555,2452,0.9988739,1
Z_60_53,12.972522522522521,77.54768518518519,2692,0.99883467,1
Z_60_54,12.972522522522521,77.5523148148148,2565,0.99996924,1
Z_60_55,12.972522522522521,77.55694444444444,8,4.841642e-05,0
Z_60_56,12.972522522522521,77.56157407407407,11,0.0001265472,0
Z_60_57,12.972522522522521,77.5662037037037,101,0.9999778,1
Z_60_58,12.972522522522521,77.57083333333333,64,0.99946123,1
Z_60_59,12.972522522522521,77.57546296296296,1558,0.9999778,1
Z_60_60,12.972522522522521,77.58009259259259,5950,0.9999745,1
Z_60_61,12.972522522522521,77.58472222222223,147,0.00813049,0
Z_60_62,12.972522522522521,77.58935185185184,2,9.884498e-05,0
Z_60_63,12.972522522522521,77.59398148148148,233,0.99996424,1
Z_60_64,12.972522522522521,77.59861111111111,982,0.9982097,1
Z_60_65,12.972522522522521,77.60324074074074,100,0.99997044,1
Z_60_66,12.972522522522521,77.60787037037036,904,0.9999677,1
Z_60_67,12.972522522522521,77.6125,597,0.9982091,1
Z_60_68,12.972522522522521,77.61712962962963,1203,0.9999716,1
Z_60_69,12.972522522522521,77.62175925925925,808,0.99997544,1
Z_60_70,12.972522522522521,77.62638888888888,216,0.99740005,1
Z_60_71,12.972522522522521,77.63101851851852,62,0.005515545,0
Z_60_72,12.972522522522521,77.63564814814815,13,4.732184e-05,0
Z_60_73,12.972522522522521,77.64027777777777,48,0.999418,1
Z_60_74,12.972522522522521,77.6449074074074,525,0.9999573,1
Z_60_75,12.972522522522521,77.64953703703704,296,0.99995995,1
Z_60_76,12.972522522522521,77.65416666666667,22,0.9990023,1
Z_60_77,12.972522522522521,77.65879629629629,1239,0.99988294,1
Z_60_80,12.972522522522521,77.67268518518519,4,0.002562768,0
Z_60_81,12.972522522522521,77.6773148148148,3,0.0025130503,0
Z_60_85,12.972522522522521,77.69583333333333,1,7.337985e-05,0
Z_60_86,12.972522522522521,77.70046296296296,12,0.97589105,1
Z_60_87,12.972522522522521,77.70509259259259,1,0.00010566619,0
Z_60_88,12.972522522522521,77.70972222222223,434,0.99992645,1
Z_60_89,12.972522522522521,77.71435185185184,298,0.9998807,1
Z_60_92,12.972522522522521,77.72824074074074,2,3.0664538e-05,0
Z_60_93,12.972522522522521,77.73287037037036,1,0.00014288402,0
Z_60_97,12.972522522522521,77.75138888888888,16,0.00012804799,0
Z_61_40,12.977027027027026,77.4875,4,2.859231e-05,0
Z_61_45,12.977027027027026,77.51064814814815,16,0.000547263,0
Z_61_46,12.977027027027026,77.51527777777777,12,0.004081189,0
Z_61_48,12.977027027027026,77.52453703703704,15,0.9981476,1
Z_61_49,12.977027027027026,77.52916666666667,56,0.0056908266,0
Z_61_50,12.977027027027026,77.53379629629629,44,0.006231138,0
Z_61_51,12.977027027027026,77.53842592592592,10,0.00010299982,0
Z_61_52,12.977027027027026,77.54305555555555,568,0.997554,1
Z_61_53,12.977027027027026,77.54768518518519,558,0.9999758,1
Z_61_54,12.977027027027026,77.5523148148148,175,0.9999832,1
Z_61_55,12.977027027027026,77.55694444444444,832,0.9984862,1
Z_61_56,12.977027027027026,77.56157407407407,963,0.99998057,1
Z_61_57,12.977027027027026,77.5662037037037,66,0.0061348965,0
Z_61_58,12.977027027027026,77.57083333333333,1685,0.9999734,1
Z_61_59,12.977027027027026,77.57546296296296,16656,0.9999789,1
Z_61_60,12.977027027027026,77.58009259259259,9191,0.99997365,1
Z_61_61,12.977027027027026,77.58472222222223,297,0.99993026,1
Z_61_62,12.977027027027026,77.58935185185184,520,0.9999653,1
Z_61_63,12.977027027027026,77.59398148148148,44,0.9991756,1
Z_61_64,12.977027027027026,77.59861111111111,100,0.99810743,1
Z_61_65,12.977027027027026,77.60324074074074,149,0.99997497,1
Z_61_66,12.977027027027026,77.60787037037036,297,0.9999702,1
Z_61_67,12.977027027027026,77.6125,33,0.0048026186,0
Z_61_68,12.977027027027026,77.61712962962963,78,0.005325528,0
Z_61_69,12.977027027027026,77.62175925925925,236,0.9989784,1
Z_61_70,12.977027027027026,77.62638888888888,211,0.9978193,1
Z_61_71,12.977027027027026,77.63101851851852,88,0.004914168,0
Z_61_72,12.977027027027026,77.63564814814815,48,0.9989813,1
Z_61_73,12.977027027027026,77.64027777777777,476,0.998114,1
Z_61_74,12.977027027027026,77.6449074074074,72,0.000107289496,0
Z_61_76,12.977027027027026,77.65416666666667,25,0.0035802585,0
Z_61_81,12.977027027027026,77.6773148148148,1,5.465178e-05,0
Z_61_85,12.977027027027026,77.69583333333333,367,0.99984145,1
Z_61_87,12.977027027027026,77.70509259259259,1,0.0023664492,0
Z_61_88,12.977027027027026,77.70972222222223,99,0.99961156,1
Z_61_89,12.977027027027026,77.71435185185184,71,0.9846902,1
Z_61_90,12.977027027027026,77.71898148148148,6,7.8926416e-05,0
Z_61_93,12.977027027027026,77.73287037037036,2,0.040617187,0
Z_61_97,12.977027027027026,77.75138888888888,33,0.0037233427,0
Z_62_101,12.98153153153153,77.7699074074074,18,0.00018679269,0
Z_62_45,12.98153153153153,77.51064814814815,27,0.122466095,0
Z_62_46,12.98153153153153,77.51527777777777,6,0.00100694,0
Z_62_47,12.98153153153153,77.5199074074074,5,5.9757625e-05,0
Z_62_49,12.98153153153153,77.52916666666667,48,0.006190056,0
Z_62_50,12.98153153153153,77.53379629629629,34,0.00014952927,0
Z_62_51,12.98153153153153,77.53842592592592,47,0.022689477,0
Z_62_52,12.98153153153153,77.54305555555555,1,5.4553682e-05,0
Z_62_53,12.98153153153153,77.54768518518519,465,0.9999821,1
Z_62_54,12.98153153153153,77.5523148148148,182,0.9999771,1
Z_62_55,12.98153153153153,77.55694444444444,620,0.99997616,1
Z_62_56,12.98153153153153,77.56157407407407,343,0.99679357,1
Z_62_57,12.98153153153153,77.5662037037037,91,0.0077248137,0
Z_62_58,12.98153153153153,77.57083333333333,217,0.99997795,1
Z_62_59,12.98153153153153,77.57546296296296,2272,0.99997973,1
Z_62_60,12.98153153153153,77.58009259259259,225,0.9999709,1
Z_62_61,12.98153153153153,77.58472222222223,17,7.189056e-05,0
Z_62_62,12.98153153153153,77.58935185185184,193,0.9987269,1
Z_62_63,12.98153153153153,77.59398148148148,236,0.9999651,1
Z_62_64,12.98153153153153,77.59861111111111,2194,0.9215014,1
Z_62_65,12.98153153153153,77.60324074074074,1485,0.99998057,1
Z_62_66,12.98153153153153,77.60787037037036,12264,0.9999764,1
Z_62_67,12.98153153153153,77.6125,7006,0.99998045,1
Z_62_68,12.98153153153153,77.61712962962963,66,0.011257472,0
Z_62_69,12.98153153153153,77.62175925925925,10,6.974748e-05,0
Z_62_70,12.98153153153153,77.62638888888888,47,0.99920964,1
Z_62_71,12.98153153153153,77.63101851851852,117,0.99995065,1
Z_62_72,12.98153153153153,77.63564814814815,16,0.0044870637,0
Z_62_73,12.98153153153153,77.64027777777777,89,0.99964845,1
Z_62_74,12.98153153153153,77.6449074074074,45,0.99917966,1
Z_62_75,12.98153153153153,77.64953703703704,16,0.003959561,0
Z_62_76,12.98153153153153,77.65416666666667,78,7.5109056e-05,0
Z_62_77,12.98153153153153,77.65879629629629,9,5.12821e-05,0
Z_62_82,12.98153153153153,77.68194444444444,31,0.9981633,1
Z_62_84,12.98153153153153,77.6912037037037,8,0.0026478108,0
Z_62_85,12.98153153153153,77.69583333333333,199,0.99979407,1
Z_62_88,12.98153153153153,77.70972222222223,58,0.99312687,1
Z_62_89,12.98153153153153,77.71435185185184,2,6.645112e-05,0
Z_62_90,12.98153153153153,77.71898148148148,12,7.490806e-05,0
Z_62_91,12.98153153153153,77.72361111111111,11,7.255482e-05,0
Z_62_92,12.98153153153153,77.72824074074074,19,0.00016647823,0
Z_62_93,12.98153153153153,77.73287037037036,2,0.0010251767,0
Z_62_97,12.98153153153153,77.75138888888888,79,0.025670873,0
Z_63_37,12.986036036036035,77.47361111111111,13,0.0059365993,0
Z_63_38,12.986036036036035,77.47824074074074,56,0.00033201723,0
Z_63_39,12.986036036036035,77.48287037037036,9,0.00020162915,0
Z_63_40,12.986036036036035,77.4875,29,0.00016431324,0
Z_63_41,12.986036036036035,77.49212962962963,7,0.00015950715,0
Z_63_42,12.986036036036035,77.49675925925925,2,0.0001582505,0
Z_63_47,12.986036036036035,77.5199074074074,234,0.9999087,1
Z_63_48,12.986036036036035,77.52453703703704,24,0.9994954,1
Z_63_49,12.986036036036035,77.52916666666667,36,0.9995364,1
Z_63_51,12.986036036036035,77.53842592592592,531,0.9999486,1
Z_63_52,12.986036036036035,77.54305555555555,16,0.00010843724,0
Z_63_53,12.986036036036035,77.54768518518519,381,0.9999832,1
Z_63_54,12.986036036036035,77.5523148148148,1054,0.99894136,1
Z_63_55,12.986036036036035,77.55694444444444,502,0.9994825,1
Z_63_56,12.986036036036035,77.56157407407407,236,0.019176349,0
Z_63_57,12.986036036036035,77.5662037037037,41,0.0042972923,0
Z_63_58,12.986036036036035,77.57083333333333,71,0.9992895,1
Z_63_59,12.986036036036035,77.57546296296296,536,0.99997485,1
Z_63_60,12.986036036036035,77.58009259259259,560,0.9999708,1
Z_63_61,12.986036036036035,77.58472222222223,36,0.9993411,1
Z_63_62,12.986036036036035,77.58935185185184,117,0.9999747,1
Z_63_63,12.986036036036035,77.59398148148148,122,0.99868256,1
Z_63_64,12.986036036036035,77.59861111111111,94,0.9999739,1
Z_63_65,12.986036036036035,77.60324074074074,4159,0.9999815,1
Z_63_66,12.986036036036035,77.60787037037036,325,0.99997926,1
Z_63_67,12.986036036036035,77.6125,49,8.800349e-05,0
Z_63_68,12.986036036036035,77.61712962962963,153,0.9999763,1
Z_63_69,12.986036036036035,77.62175925925925,49,0.005292701,0
Z_63_73,12.986036036036035,77.64027777777777,34,0.0036917077,0
Z_63_74,12.986036036036035,77.6449074074074,21,0.9996014,1
Z_63_75,12.986036036036035,77.64953703703704,22,0.99936205,1
Z_63_78,12.986036036036035,77.66342592592592,17,7.3234376e-05,0
Z_63_79,12.986036036036035,77.66805555555555,2,4.566673e-05,0
Z_63_80,12.986036036036035,77.67268518518519,1,5.994855e-05,0
Z_63_81,12.986036036036035,77.6773148148148,2,6.952966e-05,0
Z_63_83,12.986036036036035,77.68657407407407,1,6.27483e-05,0
Z_63_84,12.986036036036035,77.6912037037037,26,0.0024774312,0
Z_63_88,12.986036036036035,77.70972222222223,91,0.99788195,1
Z_63_92,12.986036036036035,77.72824074074074,13,0.0025694245,0
Z_63_93,12.986036036036035,77.73287037037036,554,0.9999031,1
Z_63_94,12.986036036036035,77.7375,131,0.99687237,1
Z_63_96,12.986036036036035,77.74675925925925,108,0.037878044,0
Z_63_97,12.986036036036035,77.75138888888888,21,0.0056306734,0
Z_63_98,12.986036036036035,77.75601851851852,1,0.0032335557,0
Z_64_32,12.99054054054054,77.45046296296296,5,5.500927e-05,0
Z_64_37,12.99054054054054,77.47361111111111,20,0.008020412,0
Z_64_40,12.99054054054054,77.4875,1,4.0913455e-05,0
Z_64_43,12.99054054054054,77.50138888888888,311,0.30397454,0
Z_64_44,12.99054054054054,77.50601851851852,169,0.9988294,1
Z_64_45,12.99054054054054,77.51064814814815,7,0.041115563,0
Z_64_46,12.99054054054054,77.51527777777777,1,6.3248495e-05,0
Z_64_47,12.99054054054054,77.5199074074074,18,0.9995152,1
Z_64_50,12.99054054054054,77.53379629629629,1,4.9717237e-05,0
Z_64_51,12.99054054054054,77.53842592592592,462,0.9999366,1
Z_64_52,12.99054054054054,77.54305555555555,3,0.00012816819,0
Z_64_53,12.99054054054054,77.54768518518519,52,0.9994881,1
Z_64_54,12.99054054054054,77.5523148148148,1219,0.99992454,1
Z_64_55,12.99054054054054,77.55694444444444,441,0.9949681,1
Z_64_56,12.99054054054054,77.56157407407407,7,0.0071778875,0
Z_64_57,12.99054054054054,77.5662037037037,11,0.0040425635,0
Z_64_58,12.99054054054054,77.57083333333333,612,0.99997413,1
Z_64_59,12.99054054054054,77.57546296296296,516,0.9985843,1
Z_64_60,12.99054054054054,77.58009259259259,37,0.007846243,0
Z_64_61,12.99054054054054,77.58472222222223,4,5.1572326e-05,0
Z_64_62,12.99054054054054,77.58935185185184,1668,0.99992275,1
Z_64_63,12.99054054054054,77.59398148148148,314,0.9988167,1
Z_64_64,12.99054054054054,77.59861111111111,792,0.9990132,1
Z_64_65,12.99054054054054,77.60324074074074,267,0.99882144,1
Z_64_66,12.99054054054054,77.60787037037036,124,0.9985435,1
Z_64_67,12.99054054054054,77.6125,199,0.99485457,1
Z_64_68,12.99054054054054,77.61712962962963,30,0.0044903047,0
Z_64_75,12.99054054054054,77.64953703703704,52,0.0033911658,0
Z_64_76,12.99054054054054,77.65416666666667,105,0.98641634,1
Z_64_77,12.99054054054054,77.65879629629629,66,0.9991528,1
Z_64_78,12.99054054054054,77.66342592592592,35,0.99889827,1
Z_64_82,12.99054054054054,77.68194444444444,3,0.0038417752,0
Z_64_83,12.99054054054054,77.68657407407407,38,0.0027448523,0
Z_64_87,12.99054054054054,77.70509259259259,8,7.359471e-05,0
Z_64_88,12.99054054054054,77.70972222222223,39,0.99580115,1
Z_64_89,12.99054054054054,77.71435185185184,60,0.007822811,0
Z_64_90,12.99054054054054,77.71898148148148,31,0.023322718,0
Z_64_91,12.99054054054054,77.72361111111111,7,5.8070724e-05,0
Z_64_92,12.99054054054054,77.72824074074074,17,0.9666392,1
Z_64_93,12.99054054054054,77.73287037037036,7,0.005171925,0
Z_64_96,12.99054054054054,77.74675925925925,7,5.293153e-05,0
Z_64_98,12.99054054054054,77.75601851851852,4,0.00012251781,0
Z_65_40,12.995045045045044,77.4875,3,0.0037947728,0
Z_65_48,12.995045045045044,77.52453703703704,1,9.98225e-05,0
Z_65_49,12.995045045045044,77.52916666666667,1,0.0014688729,0
Z_65_50,12.995045045045044,77.53379629629629,2,8.6571024e-05,0
Z_65_51,12.995045045045044,77.53842592592592,42,0.0023144577,0
Z_65_53,12.995045045045044,77.54768518518519,31,0.9994659,1
Z_65_54,12.995045045045044,77.5523148148148,1251,0.99997425,1
Z_65_55,12.995045045045044,77.55694444444444,105,0.99998057,1
Z_65_56,12.995045045045044,77.56157407407407,569,0.99906605,1
Z_65_57,12.995045045045044,77.5662037037037,170,0.99766016,1
Z_65_58,12.995045045045044,77.57083333333333,1263,0.01598005,0
Z_65_59,12.995045045045044,77.57546296296296,80,0.0056677447,0
Z_65_60,12.995045045045044,77.58009259259259,43,0.0048741824,0
Z_65_61,12.995045045045044,77.58472222222223,337,0.9987657,1
Z_65_62,12.995045045045044,77.58935185185184,1358,0.9989312,1
Z_65_63,12.995045045045044,77.59398148148148,49,0.99839514,1
Z_65_64,12.995045045045044,77.59861111111111,5,5.836207e-05,0
Z_65_65,12.995045045045044,77.60324074074074,24,0.9990914,1
Z_65_66,12.995045045045044,77.60787037037036,339,0.9987226,1
Z_65_67,12.995045045045044,77.6125,1291,0.99788266,1
Z_65_68,12.995045045045044,77.61712962962963,346,0.9996847,1
Z_65_69,12.995045045045044,77.62175925925925,5,3.9112187e-05,0
Z_65_70,12.995045045045044,77.62638888888888,1,4.4738164e-05,0
Z_65_71,12.995045045045044,77.63101851851852,2,0.001276226,0
Z_65_75,12.995045045045044,77.64953703703704,8,0.0024143483,0
Z_65_76,12.995045045045044,77.65416666666667,39,0.003247263,0
Z_65_77,12.995045045045044,77.65879629629629,9,0.0036764021,0
Z_65_78,12.995045045045044,77.66342592592592,826,0.9959816,1
Z_65_79,12.995045045045044,77.66805555555555,1924,0.99989986,1
Z_65_80,12.995045045045044,77.67268518518519,6,0.0024255775,0
Z_65_82,12.995045045045044,77.68194444444444,2,0.0030185792,0
Z_65_83,12.995045045045044,77.68657407407407,1,6.4453765e-05,0
Z_65_84,12.995045045045044,77.6912037037037,118,0.9999217,1
Z_65_85,12.995045045045044,77.69583333333333,1250,0.9998871,1
Z_65_86,12.995045045045044,77.70046296296296,94,0.98892003,1
Z_65_87,12.995045045045044,77.70509259259259,37,0.9960252,1
Z_65_90,12.995045045045044,77.71898148148148,59,0.99516296,1
Z_65_93,12.995045045045044,77.73287037037036,1,0.00011924078,0
Z_65_98,12.995045045045044,77.75601851851852,21,0.00012489846,0
Z_66_39,12.999549549549549,77.48287037037036,1,4.0913455e-05,0
Z_66_40,12.999549549549549,77.4875,57,0.00021622777,0
Z_66_41,12.999549549549549,77.49212962962963,1,2.859231e-05,0
Z_66_47,12.999549549549549,77.5199074074074,3,5.227714e-05,0
Z_66_48,12.999549549549549,77.52453703703704,93,0.016937677,0
Z_66_50,12.999549549549549,77.53379629629629,13,0.0048387717,0
Z_66_51,12.999549549549549,77.53842592592592,79,5.454598e-05,0
Z_66_52,12.999549549549549,77.54305555555555,812,0.99997723,1
Z_66_53,12.999549549549549,77.54768518518519,5033,0.99997795,1
Z_66_54,12.999549549549549,77.5523148148148,3051,0.9999778,1
Z_66_55,12.999549549549549,77.55694444444444,109,0.99783283,1
Z_66_56,12.999549549549549,77.56157407407407,35,0.0049777566,0
Z_66_57,12.999549549549549,77.5662037037037,148,0.9957294,1
Z_66_58,12.999549549549549,77.57083333333333,2611,0.99778277,1
Z_66_59,12.999549549549549,77.57546296296296,14,0.9992723,1
Z_66_60,12.999549549549549,77.58009259259259,143,0.99757415,1
Z_66_61,12.999549549549549,77.58472222222223,75,0.008257997,0
Z_66_63,12.999549549549549,77.59398148148148,94,0.9934558,1
Z_66_64,12.999549549549549,77.59861111111111,66,0.0037316815,0
Z_66_65,12.999549549549549,77.60324074074074,24,0.0020953922,0
Z_66_66,12.999549549549549,77.60787037037036,83,0.9992317,1
Z_66_67,12.999549549549549,77.6125,719,0.999908,1
Z_66_68,12.999549549549549,77.61712962962963,129,0.99425757,1
Z_66_69,12.999549549549549,77.62175925925925,74,0.0014695674,0
Z_66_70,12.999549549549549,77.62638888888888,198,0.99610645,1
Z_66_71,12.999549549549549,77.63101851851852,15,0.002508282,0
Z_66_77,12.999549549549549,77.65879629629629,2,5.2309402e-05,0
Z_66_78,12.999549549549549,77.66342592592592,2,0.9961481,1
Z_66_79,12.999549549549549,77.66805555555555,35,0.999087,1
Z_66_80,12.999549549549549,77.67268518518519,136,0.9998982,1
Z_66_81,12.999549549549549,77.6773148148148,2033,0.9998369,1
Z_66_82,12.999549549549549,77.68194444444444,22,0.99884987,1
Z_66_83,12.999549549549549,77.68657407407407,117,0.9999175,1
Z_66_84,12.999549549549549,77.6912037037037,92,0.99660933,1
Z_66_86,12.999549549549549,77.70046296296296,2,0.00010639375,0
Z_66_89,12.999549549549549,77.71435185185184,1,0.0017381146,0
Z_66_90,12.999549549549549,77.71898148148148,1,0.00010240722,0
Z_66_98,12.999549549549549,77.75601851851852,8,1.9135723e-05,0
Z_67_40,13.004054054054054,77.4875,7,2.859231e-05,0
Z_67_44,13.004054054054054,77.50601851851852,2,0.0007757835,0
Z_67_48,13.004054054054054,77.52453703703704,86,0.99920243,1
Z_67_49,13.004054054054054,77.52916666666667,56,0.005705139,0
Z_67_52,13.004054054054054,77.54305555555555,7,0.0056657963,0
Z_67_53,13.004054054054054,77.54768518518519,174,0.99593323,1
Z_67_54,13.004054054054054,77.5523148148148,898,0.9980191,1
Z_67_55,13.004054054054054,77.55694444444444,19,0.004723419,0
Z_67_56,13.004054054054054,77.56157407407407,28,0.004178512,0
Z_67_57,13.004054054054054,77.5662037037037,137,0.9999713,1
Z_67_58,13.004054054054054,77.57083333333333,1938,0.08665322,0
Z_67_59,13.004054054054054,77.57546296296296,1,0.002344012,0
Z_67_60,13.004054054054054,77.58009259259259,68,0.9991301,1
Z_67_61,13.004054054054054,77.58472222222223,13,0.0028260734,0
Z_67_63,13.004054054054054,77.59398148148148,166,0.99997294,1
Z_67_64,13.004054054054054,77.59861111111111,15,0.0030518684,0
Z_67_67,13.004054054054054,77.6125,86,0.004445452,0
Z_67_68,13.004054054054054,77.61712962962963,41,0.0051542097,0
Z_67_69,13.004054054054054,77.62175925925925,45,0.085733384,0
Z_67_71,13.004054054054054,77.63101851851852,33,7.244421e-05,0
Z_67_72,13.004054054054054,77.63564814814815,25,0.9969516,1
Z_67_73,13.004054054054054,77.64027777777777,3,6.633721e-05,0
Z_67_77,13.004054054054054,77.65879629629629,10,8.102201e-05,0
Z_67_78,13.004054054054054,77.66342592592592,75,0.003964994,0
Z_67_81,13.004054054054054,77.6773148148148,3,0.0017607026,0
Z_67_82,13.004054054054054,77.68194444444444,24,8.4288986e-05,0
Z_67_83,13.004054054054054,77.68657407407407,1130,0.9999502,1
Z_67_84,13.004054054054054,77.6912037037037,1,0.002509787,0
Z_67_85,13.004054054054054,77.69583333333333,1,0.0027809276,0
Z_67_86,13.004054054054054,77.70046296296296,3,0.00012299963,0
Z_67_88,13.004054054054054,77.70972222222223,39,0.9952553,1
Z_67_89,13.004054054054054,77.71435185185184,20,0.9935922,1
Z_67_90,13.004054054054054,77.71898148148148,6,8.7390006e-05,0
Z_67_91,13.004054054054054,77.72361111111111,148,0.96336406,1
Z_67_97,13.004054054054054,77.75138888888888,8,2.3661807e-05,0
Z_67_98,13.004054054054054,77.75601851851852,116,0.043687984,0
Z_68_39,13.008558558558558,77.48287037037036,21,3.122227e-05,0
Z_68_44,13.008558558558558,77.50601851851852,43,0.9942906,1
Z_68_48,13.008558558558558,77.52453703703704,236,0.99996984,1
Z_68_49,13.008558558558558,77.52916666666667,157,0.99996495,1
Z_68_50,13.008558558558558,77.53379629629629,21,0.007138232,0
Z_68_51,13.008558558558558,77.53842592592592,6,0.99941015,1
Z_68_52,13.008558558558558,77.54305555555555,265,0.9999826,1
Z_68_53,13.008558558558558,77.54768518518519,1305,0.9999802,1
Z_68_54,13.008558558558558,77.5523148148148,2177,0.9987124,1
Z_68_55,13.008558558558558,77.55694444444444,1665,0.99842864,1
Z_68_56,13.008558558558558,77.56157407407407,28,0.0046285824,0
Z_68_57,13.008558558558558,77.5662037037037,57,0.012969379,0
Z_68_58,13.008558558558558,77.57083333333333,2218,0.013312997,0
Z_68_59,13.008558558558558,77.57546296296296,2,8.281109e-05,0
Z_68_60,13.008558558558558,77.58009259259259,182,0.9999652,1
Z_68_61,13.008558558558558,77.58472222222223,26,0.9994437,1
Z_68_62,13.008558558558558,77.58935185185184,10,0.0024879363,0
Z_68_63,13.008558558558558,77.59398148148148,66,4.8677342e-05,0
Z_68_67,13.008558558558558,77.6125,40,0.99927706,1
Z_68_69,13.008558558558558,77.62175925925925,74,0.0060082814,0
Z_68_72,13.008558558558558,77.63564814814815,8,0.0016120924,0
Z_68_73,13.008558558558558,77.64027777777777,5,0.002368721,0
Z_68_74,13.008558558558558,77.6449074074074,1,6.84108e-05,0
Z_68_75,13.008558558558558,77.64953703703704,3,9.6579024e-05,0
Z_68_77,13.008558558558558,77.65879629629629,18,7.381956e-05,0
Z_68_78,13.008558558558558,77.66342592592592,5,0.000109246896,0
Z_68_83,13.008558558558558,77.68657407407407,169,0.9999074,1
Z_68_84,13.008558558558558,77.6912037037037,275,0.9999063,1
Z_68_85,13.008558558558558,77.69583333333333,3913,0.99993205,1
Z_68_86,13.008558558558558,77.70046296296296,3,0.9640332,1
Z_68_87,13.008558558558558,77.70509259259259,5,0.0019888142,0
Z_68_88,13.008558558558558,77.70972222222223,2,6.371766e-05,0
Z_68_89,13.008558558558558,77.71435185185184,2,7.87402e-05,0
Z_68_98,13.008558558558558,77.75601851851852,50,3.684624e-05,0
Z_68_99,13.008558558558558,77.76064814814815,41,0.00019270189,0
Z_69_40,13.013063063063063,77.4875,4,3.0764946e-05,0
Z_69_41,13.013063063063063,77.49212962962963,61,0.0025709865,0
Z_69_44,13.013063063063063,77.50601851851852,30,0.00011155326,0
Z_69_49,13.013063063063063,77.52916666666667,76,0.99968207,1
Z_69_50,13.013063063063063,77.53379629629629,35,0.007973212,0
Z_69_51,13.013063063063063,77.53842592592592,16,0.9996904,1
Z_69_52,13.013063063063063,77.54305555555555,32,0.9994497,1
Z_69_53,13.013063063063063,77.54768518518519,20,9.204391e-05,0
Z_69_54,13.013063063063063,77.5523148148148,4810,0.99998164,1
Z_69_55,13.013063063063063,77.55694444444444,476,0.99997747,1
Z_69_58,13.013063063063063,77.57083333333333,35,0.99926025,1
Z_69_59,13.013063063063063,77.57546296296296,14,0.0029501617,0
Z_69_60,13.013063063063063,77.58009259259259,3,8.5269705e-05,0
Z_69_61,13.013063063063063,77.58472222222223,47,0.9994677,1
Z_69_62,13.013063063063063,77.58935185185184,6,0.0025079576,0
Z_69_63,13.013063063063063,77.59398148148148,20,0.0031592594,0
Z_69_67,13.013063063063063,77.6125,5,9.1084934e-05,0
Z_69_68,13.013063063063063,77.61712962962963,1,9.844904e-05,0
Z_69_70,13.013063063063063,77.62638888888888,82,0.99840444,1
Z_69_72,13.013063063063063,77.63564814814815,2,0.0001117726,0
Z_69_73,13.013063063063063,77.64027777777777,6,7.2612616e-05,0
Z_69_74,13.013063063063063,77.6449074074074,3,6.502693e-05,0
Z_69_75,13.013063063063063,77.64953703703704,3,0.0013135737,0
Z_69_77,13.013063063063063,77.65879629629629,16,5.5072993e-05,0
Z_69_78,13.013063063063063,77.66342592592592,8,0.0062946724,0
Z_69_79,13.013063063063063,77.66805555555555,2,5.5134627e-05,0
Z_69_80,13.013063063063063,77.67268518518519,1,5.2855466e-05,0
Z_69_84,13.013063063063063,77.6912037037037,3,6.777297e-05,0
Z_69_85,13.013063063063063,77.69583333333333,21,0.9904089,1
Z_69_86,13.013063063063063,77.70046296296296,61,0.99733293,1
Z_69_88,13.013063063063063,77.70972222222223,4,0.0020167006,0
Z_69_99,13.013063063063063,77.76064814814815,26,2.413159e-05,0
Z_70_39,13.017567567567568,77.48287037037036,2,3.0925345e-05,0
Z_70_48,13.017567567567568,77.52453703703704,1,0.0026835687,0
Z_70_49,13.017567567567568,77.52916666666667,187,0.9999703,1
Z_70_50,13.017567567567568,77.53379629629629,384,0.99996126,1
Z_70_51,13.017567567567568,77.53842592592592,65,0.0074205543,0
Z_70_52,13.017567567567568,77.54305555555555,35,0.9994838,1
Z_70_53,13.017567567567568,77.54768518518519,81,0.014338836,0
Z_70_54,13.017567567567568,77.5523148148148,87,0.9996811,1
Z_70_55,13.017567567567568,77.55694444444444,487,0.9999732,1
Z_70_56,13.017567567567568,77.56157407407407,16,0.004857835,0
Z_70_61,13.017567567567568,77.58472222222223,32,0.00063676113,0
Z_70_62,13.017567567567568,77.58935185185184,63,0.00011066034,0
Z_70_63,13.017567567567568,77.59398148148148,83,0.0022823135,0
Z_70_68,13.017567567567568,77.61712962962963,21,0.0018445837,0
Z_70_71,13.017567567567568,77.63101851851852,2,9.555888e-05,0
Z_70_72,13.017567567567568,77.63564814814815,3,6.6439075e-05,0
Z_70_73,13.017567567567568,77.64027777777777,15,0.00012119412,0
Z_70_74,13.017567567567568,77.6449074074074,2,5.7711386e-05,0
Z_70_76,13.017567567567568,77.65416666666667,27,0.002841161,0
Z_70_78,13.017567567567568,77.66342592592592,1,0.00010715371,0
Z_70_80,13.017567567567568,77.67268518518519,1,6.141606e-05,0
Z_70_87,13.017567567567568,77.70509259259259,23,0.0055031353,0
Z_70_88,13.017567567567568,77.70972222222223,47,0.9966723,1
Z_70_99,13.017567567567568,77.76064814814815,24,0.00031972196,0
Z_71_45,13.02207207207207,77.51064814814815,3,8.4369e-05,0
Z_71_47,13.02207207207207,77.5199074074074,1,6.1022936e-05,0
Z_71_48,13.02207207207207,77.52453703703704,1,8.607918e-05,0
Z_71_49,13.02207207207207,77.52916666666667,48,0.99925405,1
Z_71_50,13.02207207207207,77.53379629629629,209,0.9999739,1
Z_71_51,13.02207207207207,77.53842592592592,39,0.99912554,1
Z_71_53,13.02207207207207,77.54768518518519,20,0.9995927,1
Z_71_54,13.02207207207207,77.5523148148148,49,0.9994842,1
Z_71_55,13.02207207207207,77.55694444444444,32,5.7545316e-05,0
Z_71_56,13.02207207207207,77.56157407407407,48,8.333115e-05,0
Z_71_60,13.02207207207207,77.58009259259259,1,3.479498e-05,0
Z_71_61,13.02207207207207,77.58472222222223,370,0.999969,1
Z_71_63,13.02207207207207,77.59398148148148,380,0.99981266,1
Z_71_64,13.02207207207207,77.59861111111111,18,0.0022745533,0
Z_71_65,13.02207207207207,77.60324074074074,7,0.0019521837,0
Z_71_66,13.02207207207207,77.60787037037036,5,0.0001205127,0
Z_71_67,13.02207207207207,77.6125,30,0.009023746,0
Z_71_68,13.02207207207207,77.61712962962963,6,6.5710876e-05,0
Z_71_69,13.02207207207207,77.62175925925925,1,9.2760616e-05,0
Z_71_70,13.02207207207207,77.62638888888888,4,5.2711253e-05,0
Z_71_71,13.02207207207207,77.63101851851852,2,5.2711253e-05,0
Z_71_72,13.02207207207207,77.63564814814815,93,0.0039668195,0
Z_71_73,13.02207207207207,77.64027777777777,169,0.9996382,1
Z_71_74,13.02207207207207,77.6449074074074,33,0.9932949,1
Z_71_75,13.02207207207207,77.64953703703704,12,0.9840808,1
Z_71_76,13.02207207207207,77.65416666666667,4,0.0022543771,0
Z_71_77,13.02207207207207,77.65879629629629,58,0.0058551985,0
Z_71_80,13.02207207207207,77.67268518518519,10,0.87367684,1
Z_71_81,13.02207207207207,77.6773148148148,10,0.9936395,1
Z_71_83,13.02207207207207,77.68657407407407,1,0.003408254,0
Z_71_84,13.02207207207207,77.6912037037037,3,0.00020520306,0
Z_71_85,13.02207207207207,77.69583333333333,1,0.00014469837,0
Z_71_86,13.02207207207207,77.70046296296296,12,0.00038001296,0
Z_71_87,13.02207207207207,77.70509259259259,2,0.98200846,1
Z_71_88,13.02207207207207,77.70972222222223,8,7.454386e-05,0
Z_71_89,13.02207207207207,77.71435185185184,7,0.0031496002,0
Z_71_90,13.02207207207207,77.71898148148148,3,0.000104395745,0
Z_71_99,13.02207207207207,77.76064814814815,12,3.8692862e-05,0
Z_72_45,13.026576576576575,77.51064814814815,12,0.9950407,1
Z_72_46,13.026576576576575,77.51527777777777,4,9.1254034e-05,0
Z_72_47,13.026576576576575,77.5199074074074,55,0.99961424,1
Z_72_50,13.026576576576575,77.53379629629629,17,0.0068266895,0
Z_72_51,13.026576576576575,77.53842592592592,58,0.9995788,1
Z_72_52,13.026576576576575,77.54305555555555,415,0.99996936,1
Z_72_53,13.026576576576575,77.54768518518519,30,0.99923193,1
Z_72_55,13.026576576576575,77.55694444444444,2,4.8114664e-05,0
Z_72_56,13.026576576576575,77.56157407407407,41,0.99927133,1
Z_72_58,13.026576576576575,77.57083333333333,263,0.0788632,0
Z_72_59,13.026576576576575,77.57546296296296,589,0.9999685,1
Z_72_60,13.026576576576575,77.58009259259259,279,0.12481618,0
Z_72_61,13.026576576576575,77.58472222222223,305,0.99667275,1
Z_72_62,13.026576576576575,77.58935185185184,58,7.764021e-05,0
Z_72_63,13.026576576576575,77.59398148148148,110,0.9998229,1
Z_72_67,13.026576576576575,77.6125,5,0.00018288587,0
Z_72_69,13.026576576576575,77.62175925925925,5,0.00091043423,0
Z_72_70,13.026576576576575,77.62638888888888,22,0.056554113,0
Z_72_71,13.026576576576575,77.63101851851852,36,0.053441342,0
Z_72_72,13.026576576576575,77.63564814814815,1,0.00066303,0
Z_72_73,13.026576576576575,77.64027777777777,7,0.00023682146,0
Z_72_74,13.026576576576575,77.6449074074074,2,2.5859958e-05,0
Z_72_77,13.026576576576575,77.65879629629629,5,0.078981556,0
Z_72_78,13.026576576576575,77.66342592592592,13,0.0004972467,0
Z_72_90,13.026576576576575,77.71898148148148,53,0.9787732,1
Z_72_97,13.026576576576575,77.75138888888888,1,2.4710838e-05,0
Z_73_43,13.03108108108108,77.50138888888888,7,0.94216275,1
Z_73_44,13.03108108108108,77.50601851851852,8,0.9873362,1
Z_73_45,13.03108108108108,77.51064814814815,3,0.0009426676,0
Z_73_46,13.03108108108108,77.51527777777777,1,0.00017736455,0
Z_73_50,13.03108108108108,77.53379629629629,222,0.99997234,1
Z_73_51,13.03108108108108,77.53842592592592,597,0.9999685,1
Z_73_52,13.03108108108108,77.54305555555555,5,0.0017846989,0
Z_73_54,13.03108108108108,77.5523148148148,11,0.00012466061,0
Z_73_55,13.03108108108108,77.55694444444444,89,0.9992428,1
Z_73_56,13.03108108108108,77.56157407407407,67,0.0055350782,0
Z_73_57,13.03108108108108,77.5662037037037,19,5.9407226e-05,0
Z_73_58,13.03108108108108,77.57083333333333,167,0.99798226,1
Z_73_59,13.03108108108108,77.57546296296296,22,0.0030956224,0
Z_73_60,13.03108108108108,77.58009259259259,35,0.00013779411,0
Z_73_61,13.03108108108108,77.58472222222223,12,0.03011426,0
Z_73_62,13.03108108108108,77.58935185185184,25,7.866786e-05,0
Z_73_63,13.03108108108108,77.59398148148148,3,5.075761e-05,0
Z_73_66,13.03108108108108,77.60787037037036,3,2.5589221e-05,0
Z_73_69,13.03108108108108,77.62175925925925,76,0.00014172237,0
Z_73_70,13.03108108108108,77.62638888888888,40,0.001705275,0
Z_73_71,13.03108108108108,77.63101851851852,8,0.0009254797,0
Z_73_72,13.03108108108108,77.63564814814815,15,0.07628415,0
Z_73_78,13.03108108108108,77.66342592592592,11,4.5768007e-05,0
Z_73_90,13.03108108108108,77.71898148148148,1,3.1175736e-05,0
Z_73_93,13.03108108108108,77.73287037037036,1,0.00011441844,0
Z_74_44,13.035585585585585,77.50601851851852,6,0.0009918951,0
Z_74_45,13.035585585585585,77.51064814814815,4,0.0012516303,0
Z_74_46,13.035585585585585,77.51527777777777,45,0.0023187262,0
Z_74_47,13.035585585585585,77.5199074074074,21,0.0038896664,0
Z_74_48,13.035585585585585,77.52453703703704,1,7.114711e-05,0
Z_74_49,13.035585585585585,77.52916666666667,18,0.9995221,1
Z_74_50,13.035585585585585,77.53379629629629,46,0.004917606,0
Z_74_55,13.035585585585585,77.55694444444444,214,0.9999684,1
Z_74_57,13.035585585585585,77.5662037037037,52,0.9993061,1
Z_74_58,13.035585585585585,77.57083333333333,16,0.0035836862,0
Z_74_59,13.035585585585585,77.57546296296296,139,0.98739105,1
Z_74_62,13.035585585585585,77.58935185185184,3275,0.995001,1
Z_74_65,13.035585585585585,77.60324074074074,1,0.00012394719,0
Z_74_66,13.035585585585585,77.60787037037036,2,0.000108080574,0
Z_74_67,13.035585585585585,77.6125,2,2.5174399e-05,0
Z_74_68,13.035585585585585,77.61712962962963,1,2.5582269e-05,0
Z_74_69,13.035585585585585,77.62175925925925,148,0.05444531,0
Z_74_70,13.035585585585585,77.62638888888888,332,0.0070092524,0
Z_74_71,13.035585585585585,77.63101851851852,6,0.00017242698,0
Z_74_73,13.035585585585585,77.64027777777777,4,3.605353e-05,0
Z_74_80,13.035585585585585,77.67268518518519,1,5.283289e-05,0
Z_74_93,13.035585585585585,77.73287037037036,40,0.0011476584,0
Z_74_94,13.035585585585585,77.7375,67,0.059286278,0
Z_75_44,13.04009009009009,77.50601851851852,2,0.002148151,0
Z_75_46,13.04009009009009,77.51527777777777,112,0.99959487,1
Z_75_47,13.04009009009009,77.5199074074074,345,0.9998281,1
Z_75_49,13.04009009009009,77.52916666666667,6,0.0017702424,0
Z_75_50,13.04009009009009,77.53379629629629,2,4.8008606e-05,0
Z_75_53,13.04009009009009,77.54768518518519,6,0.0036802674,0
Z_75_55,13.04009009009009,77.55694444444444,8,5.5083077e-05,0
Z_75_57,13.04009009009009,77.5662037037037,29,0.0037441275,0
Z_75_58,13.04009009009009,77.57083333333333,8,5.974099e-05,0
Z_75_59,13.04009009009009,77.57546296296296,4,0.0018613471,0
Z_75_60,13.04009009009009,77.58009259259259,2,5.6143508e-05,0
Z_75_61,13.04009009009009,77.58472222222223,1,7.2143695e-05,0
Z_75_62,13.04009009009009,77.58935185185184,200,0.9998566,1
Z_75_63,13.04009009009009,77.59398148148148,4,0.00089301454,0
Z_75_64,13.04009009009009,77.59861111111111,1,0.00022447415,0
Z_75_67,13.04009009009009,77.6125,42,0.00014788937,0
Z_75_68,13.04009009009009,77.61712962962963,19,0.00025448424,0
Z_75_69,13.04009009009009,77.62175925925925,20,0.000114087896,0
Z_75_70,13.04009009009009,77.62638888888888,25,7.728402e-05,0
Z_75_73,13.04009009009009,77.64027777777777,3,0.0012464398,0
Z_75_78,13.04009009009009,77.66342592592592,1,0.00010463204,0
Z_76_42,13.044594594594594,77.49675925925925,1,0.0010619011,0
Z_76_43,13.044594594594594,77.50138888888888,10,0.9860101,1
Z_76_44,13.044594594594594,77.50601851851852,235,0.99960095,1
Z_76_45,13.044594594594594,77.51064814814815,37,0.0049017086,0
Z_76_46,13.044594594594594,77.51527777777777,20,0.9518865,1
Z_76_47,13.044594594594594,77.5199074074074,23,0.0020431916,0
Z_76_48,13.044594594594594,77.52453703703704,40,0.99295217,1
Z_76_51,13.044594594594594,77.53842592592592,2,0.0017510141,0
Z_76_52,13.044594594594594,77.54305555555555,23,0.99856454,1
Z_76_53,13.044594594594594,77.54768518518519,48,0.9990761,1
Z_76_54,13.044594594594594,77.5523148148148,21,0.0041390304,0
Z_76_55,13.044594594594594,77.55694444444444,16,0.004571752,0
Z_76_58,13.044594594594594,77.57083333333333,22,6.400914e-05,0
Z_76_59,13.044594594594594,77.57546296296296,6,0.0034420793,0
Z_76_60,13.044594594594594,77.58009259259259,7,0.0015046692,0
Z_76_61,13.044594594594594,77.58472222222223,14,6.170077e-05,0
Z_76_62,13.044594594594594,77.58935185185184,65,0.9879568,1
Z_76_64,13.044594594594594,77.59861111111111,2,4.796861e-05,0
Z_76_65,13.044594594594594,77.60324074074074,11,0.014767032,0
Z_76_67,13.044594594594594,77.6125,2,3.187965e-05,0
Z_76_68,13.044594594594594,77.61712962962963,1,1.9696487e-05,0
Z_76_70,13.044594594594594,77.62638888888888,97,0.057668395,0
Z_76_96,13.044594594594594,77.74675925925925,8,0.000471337,0
Z_76_97,13.044594594594594,77.75138888888888,214,0.99684685,1
Z_76_99,13.044594594594594,77.76064814814815,1,2.6495596e-05,0
Z_77_40,13.049099099099099,77.4875,1,5.5825112e-05,0
Z_77_41,13.049099099099099,77.49212962962963,36,0.9842795,1
Z_77_42,13.049099099099099,77.49675925925925,185,0.9996511,1
Z_77_43,13.049099099099099,77.50138888888888,157,0.99890363,1
Z_77_44,13.049099099099099,77.50601851851852,54,0.003760307,0
Z_77_46,13.049099099099099,77.51527777777777,14,0.00018433301,0
Z_77_48,13.049099099099099,77.52453703703704,250,0.0029304437,0
Z_77_52,13.049099099099099,77.54305555555555,78,0.0065892003,0
Z_77_53,13.049099099099099,77.54768518518519,43,0.99815685,1
Z_77_54,13.049099099099099,77.5523148148148,168,0.99537575,1
Z_77_55,13.049099099099099,77.55694444444444,2,0.9982785,1
Z_77_58,13.049099099099099,77.57083333333333,75,0.9983583,1
Z_77_59,13.049099099099099,77.57546296296296,1003,0.997879,1
Z_77_60,13.049099099099099,77.58009259259259,33,0.0023390695,0
Z_77_63,13.049099099099099,77.59398148148148,474,0.9990891,1
Z_77_70,13.049099099099099,77.62638888888888,1,3.3944445e-05,0
Z_77_71,13.049099099099099,77.63101851851852,61,0.00041850616,0
Z_77_74,13.049099099099099,77.6449074074074,11,0.0024241256,0
Z_77_97,13.049099099099099,77.75138888888888,6,0.00013685915,0
Z_78_100,13.053603603603603,77.76527777777777,47,0.00026069276,0
Z_78_38,13.053603603603603,77.47824074074074,4,3.0925345e-05,0
Z_78_39,13.053603603603603,77.48287037037036,25,0.00051524775,0
Z_78_40,13.053603603603603,77.4875,53,0.0018599135,0
Z_78_41,13.053603603603603,77.49212962962963,10,0.9760029,1
Z_78_42,13.053603603603603,77.49675925925925,3,0.00010823363,0
Z_78_44,13.053603603603603,77.50601851851852,111,0.84635735,1
Z_78_45,13.053603603603603,77.51064814814815,1,0.003229493,0
Z_78_48,13.053603603603603,77.52453703703704,1,6.852911e-05,0
Z_78_49,13.053603603603603,77.52916666666667,1,4.490563e-05,0
Z_78_50,13.053603603603603,77.53379629629629,72,0.99023074,1
Z_78_51,13.053603603603603,77.53842592592592,3,0.001205294,0
Z_78_53,13.053603603603603,77.54768518518519,1,6.169624e-05,0
Z_78_54,13.053603603603603,77.5523148148148,32,0.0012889685,0
Z_78_57,13.053603603603603,77.5662037037037,1,2.7989181e-05,0
Z_78_59,13.053603603603603,77.57546296296296,36,0.00036663288,0
Z_78_61,13.053603603603603,77.58472222222223,1,2.6957885e-05,0
Z_78_62,13.053603603603603,77.58935185185184,12,0.00018854758,0
Z_78_63,13.053603603603603,77.59398148148148,226,0.9851223,1
Z_78_69,13.053603603603603,77.62175925925925,9,7.9299025e-05,0
Z_78_71,13.053603603603603,77.63101851851852,7,0.00010633523,0
Z_78_74,13.053603603603603,77.6449074074074,15,0.00019447332,0
Z_78_96,13.053603603603603,77.74675925925925,2,0.00010492189,0
Z_78_99,13.053603603603603,77.76064814814815,58,0.031647127,0
Z_79_100,13.058108108108108,77.76527777777777,3,2.4677538e-05,0
Z_79_101,13.058108108108108,77.7699074074074,2,2.977019e-05,0
Z_79_34,13.058108108108108,77.45972222222223,2,5.661313e-05,0
Z_79_35,13.058108108108108,77.46435185185184,47,0.015793499,0
Z_79_36,13.058108108108108,77.46898148148148,12,0.004768049,0
Z_79_37,13.058108108108108,77.47361111111111,38,0.00048263994,0
Z_79_38,13.058108108108108,77.47824074074074,5,3.0925345e-05,0
Z_79_44,13.058108108108108,77.50601851851852,37,0.06258129,0
Z_79_47,13.058108108108108,77.5199074074074,2,9.2902075e-05,0
Z_79_49,13.058108108108108,77.52916666666667,1,5.1354284e-05,0
Z_79_50,13.058108108108108,77.53379629629629,1,4.9761733e-05,0
Z_79_52,13.058108108108108,77.54305555555555,1,4.3670938e-05,0
Z_79_53,13.058108108108108,77.54768518518519,216,0.9994843,1
Z_79_54,13.058108108108108,77.5523148148148,1,2.92539e-05,0
Z_79_55,13.058108108108108,77.55694444444444,8,0.0007457866,0
Z_79_56,13.058108108108108,77.56157407407407,4,0.00027890125,0
Z_79_59,13.058108108108108,77.57546296296296,84,0.0016883919,0
Z_79_60,13.058108108108108,77.58009259259259,6,0.000666721,0
Z_79_61,13.058108108108108,77.58472222222223,30,0.00035726768,0
Z_79_62,13.058108108108108,77.58935185185184,223,0.9938666,1
Z_79_63,13.058108108108108,77.59398148148148,182,0.99906844,1
Z_79_64,13.058108108108108,77.59861111111111,2,1.9696487e-05,0
Z_79_70,13.058108108108108,77.62638888888888,11,0.0010372852,0
Z_79_71,13.058108108108108,77.63101851851852,8,3.6714144e-05,0
Z_79_75,13.058108108108108,77.64953703703704,33,0.0001804585,0
Z_79_76,13.058108108108108,77.65416666666667,23,0.00038302148,0
Z_79_95,13.058108108108108,77.74212962962963,1,6.38566e-05,0
Z_79_96,13.058108108108108,77.74675925925925,1,0.00010492189,0
Z_80_34,13.062612612612613,77.45972222222223,37,0.00033994645,0
Z_80_43,13.062612612612613,77.50138888888888,3,5.8140322e-05,0
Z_80_44,13.062612612612613,77.50601851851852,3,6.066529e-05,0
Z_80_50,13.062612612612613,77.53379629629629,2,5.3821976e-05,0
Z_80_58,13.062612612612613,77.57083333333333,13,0.020953007,0
Z_80_59,13.062612612612613,77.57546296296296,40,5.3613385e-05,0
Z_80_60,13.062612612612613,77.58009259259259,7,8.603896e-05,0
Z_80_61,13.062612612612613,77.58472222222223,158,0.9982115,1
Z_80_62,13.062612612612613,77.58935185185184,509,0.9987153,1
Z_80_63,13.062612612612613,77.59398148148148,182,0.9975649,1
Z_80_70,13.062612612612613,77.62638888888888,1,4.2212418e-05,0
Z_80_71,13.062612612612613,77.63101851851852,1,0.00011018147,0
Z_80_72,13.062612612612613,77.63564814814815,1,0.00012309842,0
Z_80_75,13.062612612612613,77.64953703703704,53,0.0001483191,0
Z_80_76,13.062612612612613,77.65416666666667,55,0.0005370685,0
Z_80_94,13.062612612612613,77.7375,1,9.356594e-05,0
Z_80_95,13.062612612612613,77.74212962962963,5,0.00011452607,0
Z_81_31,13.067117117117116,77.44583333333333,5,0.00019970609,0
Z_81_32,13.067117117117116,77.45046296296296,13,0.00019978438,0
Z_81_33,13.067117117117116,77.45509259259259,3,4.6074638e-05,0
Z_81_43,13.067117117117116,77.50138888888888,4,0.0021144412,0
Z_81_44,13.067117117117116,77.50601851851852,2,0.0010378062,0
Z_81_49,13.067117117117116,77.52916666666667,66,0.004404117,0
Z_81_50,13.067117117117116,77.53379629629629,8,7.222065e-05,0
Z_81_54,13.067117117117116,77.5523148148148,1,3.6490506e-05,0
Z_81_55,13.067117117117116,77.55694444444444,1,0.00026180065,0
Z_81_56,13.067117117117116,77.56157407407407,3,0.00010270196,0
Z_81_58,13.067117117117116,77.57083333333333,13,0.00011445969,0
Z_81_60,13.067117117117116,77.58009259259259,41,0.014644086,0
Z_81_61,13.067117117117116,77.58472222222223,15,7.014341e-05,0
Z_81_62,13.067117117117116,77.58935185185184,1,3.5520832e-05,0
Z_81_63,13.067117117117116,77.59398148148148,220,0.01052638,0
Z_81_64,13.067117117117116,77.59861111111111,1,2.130367e-05,0
Z_81_70,13.067117117117116,77.62638888888888,47,0.0055917646,0
Z_81_71,13.067117117117116,77.63101851851852,35,0.0023225958,0
Z_81_72,13.067117117117116,77.63564814814815,6,0.0019059534,0
Z_81_73,13.067117117117116,77.64027777777777,3,2.834674e-05,0
Z_82_30,13.07162162162162,77.4412037037037,3,3.2199303e-05,0
Z_82_31,13.07162162162162,77.44583333333333,4,3.2285367e-05,0
Z_82_43,13.07162162162162,77.50138888888888,12,9.3761184e-05,0
Z_82_44,13.07162162162162,77.50601851851852,5,7.218733e-05,0
Z_82_49,13.07162162162162,77.52916666666667,16,6.4505846e-05,0
Z_82_55,13.07162162162162,77.55694444444444,9,5.247728e-05,0
Z_82_57,13.07162162162162,77.5662037037037,3,2.6587146e-05,0
Z_82_58,13.07162162162162,77.57083333333333,4,2.4558112e-05,0
Z_82_59,13.07162162162162,77.57546296296296,1,2.5429055e-05,0
Z_82_60,13.07162162162162,77.58009259259259,1,5.512653e-05,0
Z_82_61,13.07162162162162,77.58472222222223,202,0.01606727,0
Z_82_62,13.07162162162162,77.58935185185184,5404,0.99756855,1
Z_82_63,13.07162162162162,77.59398148148148,378,0.9978636,1
Z_82_65,13.07162162162162,77.60324074074074,17,0.003320125,0
Z_82_66,13.07162162162162,77.60787037037036,10,0.00012678212,0
Z_82_68,13.07162162162162,77.61712962962963,1,0.00010745803,0
Z_82_69,13.07162162162162,77.62175925925925,4,0.000100749254,0
Z_82_72,13.07162162162162,77.63564814814815,112,0.9940481,1
Z_82_75,13.07162162162162,77.64953703703704,3,9.8465e-05,0
Z_83_55,13.076126126126125,77.55694444444444,14,2.6458958e-05,0
Z_83_62,13.076126126126125,77.58935185185184,6,4.7678874e-05,0
Z_83_63,13.076126126126125,77.59398148148148,4,0.0016549763,0
Z_83_72,13.076126126126125,77.63564814814815,7,2.655061e-05,0
Z_84_43,13.08063063063063,77.50138888888888,8,0.00024221296,0
Z_84_53,13.08063063063063,77.54768518518519,53,0.032856155,0
Z_84_55,13.08063063063063,77.55694444444444,12,0.0003444512,0
Z_84_56,13.08063063063063,77.56157407407407,21,0.00025914022,0
Z_84_60,13.08063063063063,77.58009259259259,3,4.7678874e-05,0
Z_84_63,13.08063063063063,77.59398148148148,2,0.00026848284,0
Z_84_72,13.08063063063063,77.63564814814815,9,0.00012040645,0
Z_85_40,13.085135135135134,77.4875,19,3.3188644e-05,0
Z_85_54,13.085135135135134,77.5523148148148,1,2.3492434e-05,0
Z_85_55,13.085135135135134,77.55694444444444,1,2.2947455e-05,0
Z_85_56,13.085135135135134,77.56157407407407,1,0.0001306484,0
Z_85_61,13.085135135135134,77.58472222222223,7,9.10865e-05,0
Z_85_72,13.085135135135134,77.63564814814815,70,0.011774613,0
Z_85_73,13.085135135135134,77.64027777777777,34,0.0036172813,0
Z_86_42,13.089639639639639,77.49675925925925,1,3.0925345e-05,0
Z_86_55,13.089639639639639,77.55694444444444,1,0.00042292694,0
Z_86_64,13.089639639639639,77.59861111111111,6,0.0020016143,0
Z_86_72,13.089639639639639,77.63564814814815,4,2.6040216e-05,0
Z_87_40,13.094144144144144,77.4875,1,3.3138138e-05,0
Z_87_60,13.094144144144144,77.58009259259259,14,2.6057258e-05,0
Z_87_61,13.094144144144144,77.58472222222223,5,2.549943e-05,0
Z_87_63,13.094144144144144,77.59398148148148,405,0.9758538,1
Z_87_64,13.094144144144144,77.59861111111111,96,0.9854092,1
Z_87_72,13.094144144144144,77.63564814814815,1,4.671657e-05,0
Z_88_56,13.098648648648648,77.56157407407407,4,4.1127085e-05,0
Z_88_57,13.098648648648648,77.5662037037037,29,2.4030016e-05,0
Z_88_58,13.098648648648648,77.57083333333333,13,2.419985e-05,0
Z_88_59,13.098648648648648,77.57546296296296,121,0.0018666951,0
Z_88_60,13.098648648648648,77.58009259259259,21,2.4588904e-05,0
Z_88_61,13.098648648648648,77.58472222222223,51,4.9504248e-05,0
Z_88_62,13.098648648648648,77.58935185185184,180,0.029975703,0
Z_88_63,13.098648648648648,77.59398148148148,1,0.00014554193,0
Z_88_64,13.098648648648648,77.59861111111111,765,0.9973225,1
Z_88_71,13.098648648648648,77.63101851851852,1,4.671657e-05,0
Z_89_61,13.103153153153153,77.58472222222223,7,0.00012248686,0
Z_89_62,13.103153153153153,77.58935185185184,1,3.1267413e-05,0
Z_89_64,13.103153153153153,77.59861111111111,8,0.0007916534,0
Z_89_65,13.103153153153153,77.60324074074074,8,5.605102e-05,0
Z_89_67,13.103153153153153,77.6125,2,3.2199303e-05,0
Z_89_68,13.103153153153153,77.61712962962963,1,3.2199303e-05,0
Z_89_71,13.103153153153153,77.63101851851852,2,2.837219e-05,0
Z_90_60,13.107657657657658,77.58009259259259,2,0.00014532573,0
Z_90_64,13.107657657657658,77.59861111111111,5,3.0440915e-05,0
Z_90_65,13.107657657657658,77.60324074074074,23,3.4318167e-05,0
Z_91_60,13.11216216216216,77.58009259259259,3,5.499988e-05,0
Z_91_65,13.11216216216216,77.60324074074074,19,0.00023259831,0
Z_91_66,13.11216216216216,77.60787037037036,3,3.2199303e-05,0
Z_92_59,13.116666666666665,77.57546296296296,14,0.00016105962,0
Z_92_60,13.116666666666665,77.58009259259259,33,0.0005265765,0
Z_92_66,13.116666666666665,77.60787037037036,11,3.3611403e-05,0
Z_92_67,13.116666666666665,77.6125,1,5.500927e-05,0
Z_92_72,13.116666666666665,77.63564814814815,3,0.0018012818,0
Z_93_66,13.12117117117117,77.60787037037036,34,3.4016837e-05,0
Z_93_67,13.12117117117117,77.6125,113,0.046389446,0
Z_93_68,13.12117117117117,77.61712962962963,60,0.0002519034,0
Z_93_69,13.12117117117117,77.62175925925925,49,0.0027452372,0
Z_93_70,13.12117117117117,77.62638888888888,24,0.00068027514,0
Z_93_71,13.12117117117117,77.63101851851852,302,0.9931271,1
Z_93_72,13.12117117117117,77.63564814814815,1,0.0001528836,0
Z_94_59,13.125675675675675,77.57546296296296,3,0.00025168664,0
Z_95_58,13.13018018018018,77.57083333333333,4,3.2199303e-05,0
Z_96_58,13.134684684684684,77.57083333333333,1,2.837219e-05,0
Z_97_68,13.139189189189189,77.61712962962963,23,0.0034354567,0
Z_97_69,13.139189189189189,77.62175925925925,1,0.00019381783,0
Z_98_68,13.143693693693693,77.61712962962963,116,0.98813885,1
Z_99_68,13.148198198198198,77.61712962962963,5,0.0017950629,0
Z_99_69,13.148198198198198,77.62175925925925,2,0.00017822745,0
